{
	"LangInfo": {
		"code": "ar",
		"dialect": "EG",
		"name": "عرب",
		"description": "Arabic (Egypt)",
		"bidi": "rtl"
	},
	"ActivityFormLabel": {
		"ActivityLabel": "النشاط",
		"AllExceptions": "*",
		"AnnotationName": "الاسم",
		"AnnotationValue": "القيمة",
		"Annotations": "الشروح",
		"DisablePersist": "تعطيل تستمر",
		"DisablePersists": {
			"DisablePersistParameters": "تعطيل معلمات العملية المستمرة",
			"DisablePersistState": "تعطيل حالة العملية المستمرة",
			"DisablePersistTransitionHistory": "تعطيل تستمر تاريخ الانتقال"
		},
		"Exceptions": "الاستثناءات",
		"ExceptionsHandling": "التعامل مع الاستثناءات",
		"ExecutionTimeoutLabel": "مهلة التنفيذ",
		"ExecutionTimeoutWarning": "تعمل مهلة التنفيذ فقط مع الإجراءات غير المتزامنة. تحقق من رمز الإلغاء لمعالجة المهلة المناسبة.",
		"IdleTimeoutLabel": "مهلة الخمول",
		"IgnoreLabel": "تجاهل",
		"ImpAction": "الإجراء",
		"ImpActionParameter": "معلمة العمل",
		"ImpOrder": "النظام",
		"Implementation": "التنفيذ",
		"IsAutoSchemeUpdate": "تحديث مخطط السيارات",
		"IsFinal": "النهائي",
		"IsForSetState": "لمجموعة الدولة",
		"IsInitial": "الأولي",
		"Name": "الاسم",
		"PreExecutionImplementation": "تنفيذ ما قبل التنفيذ",
		"RetryCountLabel": "إعادة المحاولة العد",
		"RetryLabel": "إعادة المحاولة",
		"Scheme": "مخطط مضمن",
		"SetActivityLabel": "سيتاكتيفيتي",
		"SetStateLabel": "سيتستات",
		"State": "الدولة",
		"StateLabel": "الدولة",
		"TimeoutsLabel": "المهلات",
		"Title": "النشاط",
		"TitleForInline": "النشاط مضمنة",
		"TypeLabel": "النوع",
		"UserComment": "التعليق"
	},
	"ActivityNamePrefix": "النشاط",
	"ActivityToolbar": {
		"CreateActivity": "إنشاء نشاط",
		"CreateTransition": "إنشاء الانتقال",
		"CreateTransitionAndActivity": "إنشاء الانتقال والنشاط"
	},
	"ActorFormLabel": {
		"Name": "الاسم",
		"Rule": "القاعدة",
		"ShowPredefinedActors": "إظهار الجهات الفاعلة المحددة مسبقا",
		"Title": "الجهات الفاعلة",
		"Value": "القيمة"
	},
	"AlertTitle": "تحذير",
	"AssignmentFormLabel": {
		"AssignmentDeleted": "تم حذف المهمة",
		"Code": "الكود",
		"DateCreation": "تاريخ الإنشاء",
		"DateFinish": "تاريخ الانتهاء",
		"DateStart": "تاريخ البدء",
		"DeadlineToFinish": "الموعد النهائي للانتهاء",
		"DeadlineToStart": "الموعد النهائي للبدء",
		"Description": "الوصف",
		"Executor": "المنفذ",
		"ExecutorId": "معرف المنفذ",
		"Name": "الاسم",
		"ObserverId": "معرف المراقب",
		"Observers": "المراقبون",
		"ProhibitedForExecution": "ممنوع الإعدام",
		"Status": "الحالة",
		"Tags": "العلامات",
		"Title": "المهام",
		"TypeSomething": "اكتب شيئا"
	},
	"BrokenReferencesDialogText": "يحتوي هذا المخطط على مراجع للعناصر التي لم يتم تعريفها بواسطة هذا المخطط أو موفري الإجراءات الحاليين. هل تريد الاحتفاظ بها?",
	"ButtonTextCancel": "إلغاء",
	"ButtonTextClose": "إغلاق",
	"ButtonTextCreate": "إنشاء",
	"ButtonTextDelete": "حذف",
	"ButtonTextNo": "لا",
	"ButtonTextOk": "حسنا",
	"ButtonTextRedo": "إعادة",
	"ButtonTextSave": "حفظ",
	"ButtonTextUndo": "تراجع",
	"ButtonTextYes": "نعم",
	"CloseWithoutSaving": "إغلاق دون حفظ?",
	"CodeActionsFormLabel": {
		"ActionCode": "قانون العمل",
		"Checkbox": "خانة الاختيار",
		"CommonUsings": "الاستخدامات الشائعة",
		"CustomTypeHint": "لاستخدام نوع مخصص ، أضف اسمه هنا وأضف تنفيذه إلى قالب جسونفورم.",
		"Date": "التاريخ",
		"DateTime": "التاريخ والوقت",
		"DefaultValue": "القيمة الافتراضية",
		"Dropdown": "القائمة المنسدلة",
		"DropdownName": "الاسم",
		"DropdownShouldContainValues": "يجب أن تحتوي القائمة المنسدلة على قيم",
		"DropdownValue": "القيمة",
		"EditParameters": "تحرير المعلمات",
		"GlobalDeleteMessage": "إذا قمت بحذف الكود العالمي-فلن تتمكن المخططات الأخرى من الاتصال به!< / ب>",
		"IsAsync": "غير متزامن",
		"IsGlobal": "هو عالمي",
		"IsRequired": "مطلوب",
		"Json": "جسون",
		"MultiSelect": "اختيار متعدد",
		"Name": "الاسم",
		"Number": "العدد",
		"Parameters": "المعلمات",
		"Text": "النص",
		"TextArea": "تكستاريا",
		"Time": "الوقت",
		"Title": "إجراءات الكود",
		"TitleField": "العنوان",
		"Type": "النوع",
		"UnGlobalMessage": "لقد غيرت حالة العلم العالمي.سيتم إنشاء كود محلي بناء على هذا الكود العالمي بعد حفظ هذا المخطط.",
		"Values": "القيم"
	},
	"CommandFormLabel": {
		"Name": "الاسم",
		"Title": "القيادة"
	},
	"CommandParametersFormLabel": {
		"InputParametersDefaultValue": "افتراضي",
		"InputParametersIsRequired": "مطلوب",
		"InputParametersName": "الاسم",
		"InputParametersParameter": "المعلمة",
		"Title": "معلمات الأوامر"
	},
	"Decision": {
		"ActionLabel": "الإجراء",
		"Annotations": "الشروح",
		"Condition": "شرط",
		"ConditionAction": "الإجراء",
		"ConditionActionParameter": "معلمة العمل",
		"ConditionInversion": "عكس النتيجة",
		"ConditionType": "النوع",
		"ExpressionLabel": "التعبير",
		"Implementation": "التنفيذ",
		"IsAutoSchemeUpdate": "تحديث مخطط السيارات",
		"IsFinal": "النهائي",
		"IsForSetState": "لمجموعة الدولة",
		"IsInitial": "الأولي",
		"Name": "الاسم",
		"PreExecutionImplementation": "تنفيذ ما قبل التنفيذ",
		"ResultOnPreExecution": "بريكسيك. النتيجة",
		"Scheme": "مخطط مضمن",
		"State": "الدولة",
		"Title": "مقرر",
		"TitleForInline": "قرار مضمنة",
		"To": "إلى النشاط",
		"Transition": "الانتقال إلى الأنشطة",
		"UserComment": "التعليق",
		"WhenFalse": "عندما كاذبة",
		"WhenTrue": "عندما يكون صحيحا"
	},
	"DecisionTable": {
		"ActionLabel": "الإجراء",
		"Annotations": "الشروح",
		"Condition": "شرط",
		"ConditionAction": "الإجراء",
		"ConditionActionParameter": "معلمة العمل",
		"ConditionInversion": "عكس النتيجة",
		"ConditionType": "النوع",
		"ExpressionLabel": "التعبير",
		"Implementation": "التنفيذ",
		"IsAutoSchemeUpdate": "تحديث مخطط السيارات",
		"IsFinal": "النهائي",
		"IsForSetState": "لمجموعة الدولة",
		"IsInitial": "الأولي",
		"Name": "الاسم",
		"Parameters": "المعلمات",
		"PreExecutionImplementation": "تنفيذ ما قبل التنفيذ",
		"ResultOnPreExecution": "بريكسيك. النتيجة",
		"Scheme": "مخطط مضمن",
		"State": "الدولة",
		"Title": "جدول المقرر",
		"TitleForInline": "جدول القرار مضمنة",
		"To": "إلى النشاط",
		"Transition": "الانتقال إلى الأنشطة",
		"UserComment": "التعليق"
	},
	"DeleteConfirm": "هل أنت متأكد من أنك تريد حذف العنصر المحدد (ق)?",
	"DeleteConfirmCurrent": "هل أنت متأكد من أنك تريد حذف هذا العنصر?",
	"DialogConfirmText": "سؤال",
	"DropdownValues": {
		"Dropdown": "القائمة المنسدلة",
		"Name": "الاسم",
		"Value": "القيمة",
		"Values": "القيم"
	},
	"EditCodeLabel": {
		"Compile": "ترجمة",
		"CompileSucceeded": "نجح التجميع.",
		"EditCodeButton": "تحرير الكود",
		"Error": "خطأ",
		"HideUsings": "إخفاء الاستخدامات",
		"OK": "حسنا",
		"ShowUsings": "إظهار الاستخدامات",
		"Success": "النجاح",
		"Title": "تحرير الكود",
		"Usings": "الاستخدامات"
	},
	"EditExpressionLabel": {
		"Error": "خطأ",
		"OK": "حسنا",
		"Succeeded": "التعبير صالح.",
		"Success": "النجاح",
		"Title": "تحرير التعبير",
		"Validate": "التحقق من صحة"
	},
	"EditJSONLabel": {
		"CreateEmptyType": "إنشاء",
		"Format": "الشكل",
		"Title": "تحرير القيمة في جسون"
	},
	"EditParametersFormlabel": {
		"CustomForms": {
			"AssignmentChange": {
				"AllExecutors": "الكل",
				"Change": "التغيير",
				"Code": "الكود",
				"DeadlineToComplete": "الموعد النهائي لإكمال",
				"DeadlineToStart": "الموعد النهائي للبدء",
				"Heading": "مهمة",
				"IsActive": "نشط",
				"Name": "الاسم",
				"NewExecutor": "المنفذ الجديد",
				"NewTag": "العلامة الجديدة",
				"Observers": "المراقبون",
				"OldExecutor": "المنفذ القديم",
				"ReplacementExecutors": "استبدال المنفذين",
				"State": "الدولة",
				"Status": "الحالة",
				"StatusState": "الحالة الدولة",
				"Tags": "العلامات"
			},
			"AssignmentCreate": {
				"Code": "الكود",
				"DeadlineToComplete": "الموعد النهائي لإكمال",
				"DeadlineToStart": "الموعد النهائي للبدء",
				"Description": "الوصف",
				"Executors": "منفذي",
				"Heading": "مهمة",
				"IsActive": "نشط",
				"Name": "الاسم",
				"NewTag": "العلامة الجديدة",
				"Observers": "المراقبون",
				"State": "الدولة",
				"Tags": "العلامات"
			},
			"AssignmentsHaveStatus": {
				"Assignments": "المهام",
				"Code": "الكود",
				"Condition": "شرط",
				"IncludeInactive": "تضمين غير نشط",
				"Name": "الاسم",
				"State": "الدولة",
				"StatusState": "الحالة الدولة"
			},
			"CreateProcess": {
				"Heading": "الإعدادات الرئيسية",
				"Name": "الاسم",
				"ParameterName": "الاسم",
				"ParameterPurpose": "الغرض",
				"ParameterValue": "القيمة",
				"ProcessCreationParameters": "معلمات إنشاء العملية",
				"ProcessId": "معرف العملية",
				"Scheme": "مخطط",
				"State": "الدولة"
			},
			"HTTPRequest": {
				"AddProcessInstanceParameters": "إضافة معلمات مثيل العملية",
				"ContentType": "نوع المحتوى",
				"Headers": "الرؤوس",
				"Heading": "طلب",
				"Name": "الاسم",
				"ParameterName": "اسم المعلمة",
				"ParameterPurpose": "الغرض المعلمة",
				"Parameters": "المعلمات",
				"Password": "كلمة المرور",
				"Post": "الوظيفة",
				"State": "الدولة",
				"StoreResponse": "استجابة المتجر",
				"Url": "العنوان",
				"UseAuth": "استخدام المصادقة",
				"Username": "اسم المستخدم"
			},
			"SendEmail": {
				"BccList": "قائمة عناوين مخفية",
				"Body": "الجسم",
				"CcList": "قائمة عناوين نسخة",
				"Heading": "النموذج",
				"IsHTML": "إشتمل",
				"MailServer": "خادم البريد",
				"MailServerFrom": "خادم البريد من",
				"MailServerLogin": "خادم البريد تسجيل الدخول",
				"MailServerPass": "تمرير خادم البريد",
				"MailServerPort": "منفذ خادم البريد",
				"MailServerSsl": "البريد الإلكتروني",
				"Name": "الاسم",
				"ReplyToList": "الرد على قائمة العناوين",
				"State": "الدولة",
				"Subject": "الموضوع",
				"To": "إلى",
				"UseAuth": "استخدام المصادقة"
			},
			"SetLoopState": {
				"LoopName": "اسم الحلقة",
				"LoopState": "حالة حلقة",
				"Name": "الاسم",
				"State": "الدولة"
			},
			"StartLoopFor": {
				"CounterType": "نوع العداد",
				"DateRange": "نطاق التاريخ",
				"EndDate": "تاريخ الانتهاء",
				"EndValue": "القيمة النهائية",
				"Heading": "حلقة",
				"IncludeLastValue": "تضمين القيمة الأخيرة",
				"LoopCounterValueParameterName": "حلقة عداد قيمة اسم المعلمة",
				"LoopName": "اسم الحلقة",
				"LoopStateParameterName": "اسم معلمة حالة الحلقة",
				"Name": "الاسم",
				"RangeSeparator": "إلى",
				"Reverse": "عكس",
				"StartDate": "تاريخ البدء",
				"StartValue": "قيمة البدء",
				"State": "الدولة",
				"Step": "الخطوة",
				"StepType": "نوع الخطوة"
			},
			"StartLoopForeach": {
				"Heading": "حلقة",
				"LoopCounterValueParameterName": "حلقة عداد قيمة اسم المعلمة",
				"LoopName": "اسم الحلقة",
				"LoopStateParameterName": "اسم معلمة حالة الحلقة",
				"Name": "الاسم",
				"Reverse": "عكس",
				"State": "الدولة",
				"Values": "القيم",
				"ValuesError": "لا شيء قيمة لا يمكن أن تكون فارغة!"
			}
		},
		"DateShouldBeInISOFormat": "يجب أن تكون معلمة التاريخ / الوقت بتنسيق إيزو 8601",
		"IncorrectForm": "يحتوي النموذج الخاص بك على أكثر من عنصر واحد ، ولا يحتوي عنصر واحد على الأقل على اسم. يرجى تحديد اسم كل عنصر.",
		"InvalidJson": "كائن جسون غير صالح أو لا يتطابق مع النموذج",
		"NumberRequired": "يجب أن تكون قيمة رقمية",
		"SwitchToConstructor": "التبديل إلى محرر قيم المعلمات",
		"SwitchToJson": "التبديل إلى محرر جسون",
		"Title": "تحرير قيم المعلمات"
	},
	"ElementToolbar": {
		"Clone": "استنساخ",
		"Color": "اللون",
		"Delete": "حذف",
		"ShowProperties": "إظهار الخصائص"
	},
	"Elements": {
		"Activities": "الأنشطة",
		"BasicActivity": "النشاط الأساسي",
		"BasicActivityDesc": "فإنه يحدد الدولة والنظام ، والتي يتم تنفيذ الإجراءات في العملية الخاصة بك.",
		"Comment": {
			"Alignment": "المحاذاة",
			"CommentText": "نص التعليق",
			"Description": "ضع تعليقا على المخطط",
			"FontSize": "حجم الخط",
			"Name": "الاسم",
			"TextFormatting": "تنسيق النص",
			"Title": "التعليق"
		},
		"FinalActivity": "النشاط النهائي",
		"FinalActivityDesc": "إنها حالة نهائية.",
		"Header": "الأركان",
		"InitialActivity": "النشاط الأولي",
		"InitialActivityDesc": "إنها حالة أولية.",
		"InlineHeader": "مضمنة",
		"PluginRequired": "البرنامج المساعد المطلوبة:",
		"SetLoopState": {
			"Description": "العمل من أجل تعيين حالة حلقة",
			"Title": "تعيين حالة حلقة"
		},
		"Templates": "القوالب"
	},
	"ErrorActivityIsFinalCountText": "هذا المخطط مضمن. يجب وضع علامة على عنصر واحد أو أكثر علم نهائي",
	"ErrorActivityIsInitialCountText": "يجب وضع علامة على عنصر واحد العلم الأولي",
	"ErrorInBrowserConsole": "شاهد المزيد من المعلومات في وحدة تحكم المتصفح.",
	"ErrorInvalidObjectsSaveText": "لا يمكن حفظ المخطط. هذه الكائنات في حالة غير صالحة",
	"ErrorReadOnlySaveText": "المصمم في وضع للقراءة فقط ، لا يمكنك حفظه.",
	"EscapeConfirm": "هناك تغييرات لم يتم حفظها. هل تريد حفظ المخطط?",
	"FieldIsNotCorrected": "لم يتم تصحيح الحقل!",
	"FieldIsRequired": "الحقل مطلوب!",
	"FieldMustBeUnique": "يجب أن يكون الحقل فريدا!",
	"FieldMustContainAt": "يجب أن يحتوي الحقل على @",
	"InfoBlockLabel": {
		"Activity": "الأنشطة: ",
		"Command": "الأوامر: ",
		"Transition": "التحولات: "
	},
	"LibraryLabel": {
		"PluginRequired": "البرنامج المساعد المطلوبة:"
	},
	"LocalizationFormLabel": {
		"Culture": "الثقافة",
		"IsDefault": "إسدفولت",
		"ObjectName": "اسم الكائن",
		"ShowPredefined": "إظهار المعرفة مسبقا",
		"Title": "التعريب",
		"Type": "النوع",
		"Types": {
			"Action": "الإجراء",
			"Command": "القيادة",
			"Comment": "التعليق",
			"Condition": "شرط",
			"Parameter": "المعلمة",
			"Scheme": "مخطط",
			"State": "الدولة"
		},
		"Value": "القيمة"
	},
	"Logs": {
		"AutoRefresh": "التحديث التلقائي",
		"Description": "هذه المعلمة هي القيمة الافتراضية لعمليات التسجيل بناء على هذا المخطط",
		"Empty": "فارغة",
		"Exception": "استثناء",
		"ExceptionInfo": "معلومات الاستثناء",
		"HideDetails": "إخفاء التفاصيل",
		"Label": "سجلات",
		"Message": "الرسالة",
		"ParamName": "تسجيل الدخول",
		"Refresh": "تحديث",
		"Show": "عرض",
		"ShowDetails": "إظهار التفاصيل",
		"Timestamp": "الطابع الزمني"
	},
	"None": "لا شيء",
	"ParameterFormLabel": {
		"InitialValue": "القيمة الأولية",
		"Name": "الاسم",
		"Purpose": "الغرض",
		"ShowSystemParameters": "إظهار معلمات النظام",
		"Title": "المعلمات",
		"Type": "النوع",
		"Value": "القيمة"
	},
	"ProcessInfoFormLabel": {
		"DefiningParameters": "تحديد المعلمات",
		"GeneralTabLabel": "معلومات عامة",
		"HistoryTabActorIdLabel": "معرف الممثل",
		"HistoryTabActorLabel": "الممثل",
		"HistoryTabDurationLabel": "المدة (مللي ثانية)",
		"HistoryTabExecutorIdLabel": "معرف المنفذ",
		"HistoryTabExecutorLabel": "المنفذ",
		"HistoryTabFromLabel": "من عند",
		"HistoryTabFromStateLabel": "من الدولة",
		"HistoryTabName": "التاريخ",
		"HistoryTabStartTimeLabel": "وقت البدء",
		"HistoryTabTimeLabel": "الوقت",
		"HistoryTabToLabel": "إلى",
		"HistoryTabToStateLabel": "إلى الدولة",
		"HistoryTabTransitionClassifierNameLabel": "المصنف",
		"HistoryTabTriggerNameLabel": "اسم الزناد",
		"IsObsolete": "عفا عليها الزمن",
		"ParametersNameLabel": "الاسم",
		"ParametersValueLabel": "القيمة",
		"ProcessIdLabel": "معرف العملية",
		"ProcessParameters": "معلمات العملية",
		"ProcessParametersTabName": "معلمات العملية",
		"RootProcess": "عملية الجذر",
		"SystemParametersTabName": "معلمات النظام",
		"TagsInputPlaceholder": "ابدأ بإدخال اسم لإضافة علامة",
		"TagsLabel": "العلامات",
		"TagsTabName": "العلامات",
		"TimersTabName": "مؤقتات",
		"TimersTabNameLabel": "الاسم",
		"TimersTabValueLabel": "القيمة",
		"Title": "معلومات العملية"
	},
	"ReadMore": "اقرأ المزيد.",
	"SaveConfirm": "حفظ التغييرات?",
	"SchemeNotSaved": "لم يتم حفظ المخطط",
	"SchemeSaved": "تم حفظ المخطط",
	"SwitchToDefaultMode": "التبديل إلى الوضع الافتراضي",
	"SwitchToExpertMode": "التبديل إلى وضع الخبراء",
	"TimerFormLabel": {
		"Name": "الاسم",
		"Override": "تجاوز",
		"OverrideHint": "تجاوز الموقت إذا كان موجودا",
		"Title": "مؤقتات",
		"Type": "النوع",
		"Value": "القيمة"
	},
	"ToolbarLabel": {
		"ActivitiesCount": "عدد الأنشطة / الحد",
		"Actors": "الجهات الفاعلة",
		"AdditionalParameters": "معلمات إضافية",
		"Assignments": "المهام",
		"AutoArrangement": "ترتيب السيارات",
		"Clear": "واضح",
		"Clone": "استنساخ",
		"CodeActions": "إجراءات الكود",
		"Commands": "الأوامر",
		"CommandsCount": "عدد الأوامر / الحد",
		"CopySelected": "نسخة مختارة",
		"CreateActivity": "إنشاء نشاط",
		"CreateActivityTransition": "إنشاء نشاط والانتقال",
		"CreateInline": "إنشاء مضمنة (قالب)",
		"CreateTransition": "إنشاء انتقال",
		"Delete": "حذف",
		"Download": "تحميل",
		"DownloadBPMN": "تحميل كما ببمن",
		"DownloadScheme": "مخطط التحميل",
		"DownloadXML": "تحميل كما شمل",
		"Elements": "الأركان",
		"File": "الملف",
		"FitToScreen": "يصلح للشاشة",
		"FullScreen": "ملء الشاشة",
		"ImageQuality": "الجودة (نسبة العرض إلى الارتفاع بكسل):",
		"Info": "معلومات موسعة",
		"Inline": "يمكن تضمين المخطط",
		"Language": "اللغة",
		"Legend": "أسطورة",
		"Library": "المكتبة",
		"Localization": "التعريب",
		"Menu": "القائمة",
		"Move": "تحرك",
		"Parameters": "المعلمات",
		"ProcessInfo": "معلومات العملية",
		"Redo": "إعادة",
		"Refresh": "تحديث",
		"ResetSettings": "إعادة ضبط الإعدادات",
		"ResetZoom": "إعادة تعيين التكبير",
		"Save": "حفظ",
		"SaveToImage": "حفظ للصورة",
		"Scheme": "مخطط",
		"Settings": "الإعدادات",
		"ShowGrid": "عرض الشبكة",
		"Timers": "مؤقتات",
		"TransitionsCount": "التحولات العد / الحد",
		"Undo": "تراجع",
		"Upload": "تحميل",
		"UploadBPMN": "تحميل بي بي إم إن",
		"UploadScheme": "مخطط التحميل",
		"UploadXML": "تحميل أكس",
		"View": "عرض",
		"ZoomIn": "تكبير",
		"ZoomOut": "تصغير",
		"ZoomPositionDefault": "التكبير الافتراضي",
		"ZoomTo100": "تعيين التكبير إلى 100%"
	},
	"TransitionAuto": "السيارات",
	"TransitionFormLabel": {
		"ActionLabel": "الإجراء",
		"Allow": "السماح",
		"AllowConcatenationType": "كونكات تسمح كما",
		"AlwaysConditionShouldBeSingle": "دائما يجب أن تكون حالة واحدة",
		"AlwaysLabel": "دائما",
		"AnnotationName": "الاسم",
		"AnnotationValue": "القيمة",
		"Annotations": "الشروح",
		"Classifier": "المصنف",
		"ClassifierValues": {
			"Direct": "مباشرة",
			"NotSpecified": "غير محدد",
			"Reverse": "عكس"
		},
		"Condition": "شرط",
		"ConditionAction": "الإجراء",
		"ConditionActionParameter": "معلمة العمل",
		"ConditionExpression": "التعبير",
		"ConditionInversion": "عكس النتيجة",
		"ConditionType": "النوع",
		"ConditionalLabel": "مشروط",
		"ConditionsConcatenationType": "شروط نوع التسلسل",
		"ConditionsListShouldNotBeEmpty": "يجب ألا تكون قائمة الشروط فارغة",
		"DisableParentStateControl": "تعطيل التحكم في عملية الوالدين",
		"ExpressionLabel": "التعبير",
		"From": "من النشاط",
		"HideConcatParameters": "إخفاء التسلسل",
		"InlinedFinalActivityName": "اسم النشاط النهائي المضمن",
		"IsFork": "هو شوكة (عملية موازية)",
		"MergeViaSetState": "دمج العملية الفرعية عبر تعيين الحالة",
		"Name": "الاسم",
		"OtherwiseConditionShouldBeSingle": "وإلا يجب أن يكون الشرط واحد",
		"OtherwiseLabel": "خلاف ذلك",
		"Restrict": "تقييد",
		"RestrictConcatenationType": "كونكات تقييد كما",
		"Restrictions": "القيود",
		"RestrictionsActor": "الممثل",
		"RestrictionsType": "النوع",
		"ResultOnPreExecution": "بريكسيك. النتيجة",
		"ShowConcatParameters": "إظهار التسلسل",
		"Subprocess": "العمليات الفرعية",
		"SubprocessAuto": "السيارات",
		"SubprocessFinalize": "وضع اللمسات الأخيرة",
		"SubprocessFinalizeParameterMergeStrategy": "استراتيجية دمج المعلمات",
		"SubprocessFinalizeParameterMergeStrategyDontOverwriteSpecified": "لا الكتابة فوق المحدد",
		"SubprocessFinalizeParameterMergeStrategyOverwriteAll": "الكتابة فوق الكل",
		"SubprocessFinalizeParameterMergeStrategyOverwriteAllNulls": "الكتابة فوق جميع القيم الخالية",
		"SubprocessFinalizeParameterMergeStrategyOverwriteSpecified": "الكتابة فوق المحدد",
		"SubprocessFinalizeSettings": "العملية الفرعية وضع اللمسات الأخيرة على الإعدادات",
		"SubprocessId": "معرف العملية الفرعية",
		"SubprocessIdPlaceholder": "الدليل الإرشادي المولد ذاتيا",
		"SubprocessName": "اسم العملية الفرعية",
		"SubprocessNamePlaceholder": "نفس اسم الانتقال",
		"SubprocessNone": "لا شيء",
		"SubprocessSpecifiedParameters": "المعلمات المحددة",
		"SubprocessStart": "ابدأ",
		"SubprocessStartSettings": "إعدادات بدء العملية الفرعية",
		"SubprocessStartupParameterCopyStrategy": "معلمات نسخة استراتيجية",
		"SubprocessStartupParameterCopyStrategyCopyAll": "نسخ الكل",
		"SubprocessStartupParameterCopyStrategyCopySpecified": "نسخة محددة",
		"SubprocessStartupParameterCopyStrategyIgnoreAll": "تجاهل الكل",
		"SubprocessStartupParameterCopyStrategyIgnoreSpecified": "تجاهل المحدد",
		"SubprocessStartupType": "نوع بدء التشغيل الفرعي",
		"SubprocessStartupTypeAnotherThread": "موضوع آخر",
		"SubprocessStartupTypeSameThread": "نفس الموضوع",
		"SubprocessStartupTypeTimerQueue": "قائمة انتظار الموقت",
		"Title": "الانتقال",
		"To": "إلى النشاط",
		"Trigger": "الزناد",
		"TriggerAuto": "السيارات",
		"TriggerCommand": "القيادة",
		"TriggerTimer": "الموقت",
		"TriggerType": "النوع",
		"UserComment": "التعليق"
	},
	"Warning": "تحذير"
}