{
	"LangInfo": {
		"code": "de",
		"dialect": "DE",
		"name": "Deutsch",
		"description": "German (Standard)"
	},
	"ActivityFormLabel": {
		"ActivityLabel": "Aktivität",
		"AllExceptions": "*",
		"AnnotationName": "Name",
		"AnnotationValue": "Wert",
		"Annotations": "Anmerkung",
		"DisablePersist": "Persistenz deaktivieren",
		"DisablePersists": {
			"DisablePersistParameters": "Persistente Prozessparameter deaktivieren",
			"DisablePersistState": "Deaktivieren Sie den persistierenden Prozessstatus",
			"DisablePersistTransitionHistory": "Deaktivieren Sie den persistierenden Übergangsverlauf"
		},
		"Exceptions": "Ausnahme",
		"ExceptionsHandling": "Ausnahmebehandlung",
		"ExecutionTimeoutLabel": "Ausführungs-Timeout",
		"ExecutionTimeoutWarning": "Das Ausführungszeitlimit funktioniert nur bei asynchronen Aktionen. Überprüfen Sie das Stornierungstoken auf ordnungsgemäße Zeitüberschreitungsbehandlung.",
		"IdleTimeoutLabel": "Leerlauf-Timeout",
		"IgnoreLabel": "Ignorieren",
		"ImpAction": "Aktion",
		"ImpActionParameter": "Aktionsparameter",
		"ImpOrder": "Bestellen",
		"Implementation": "Umsetzung",
		"IsAutoSchemeUpdate": "Automatisches Schema-Update",
		"IsFinal": "Endgültig",
		"IsForSetState": "Für eingestellten Zustand",
		"IsInitial": "Ersten",
		"Name": "Name",
		"PreExecutionImplementation": "Implementierung vor der Ausführung",
		"RetryCountLabel": "Anzahl der Wiederholungen",
		"RetryLabel": "Retry",
		"Scheme": "Inline-Schema",
		"SetActivityLabel": "SetActivity",
		"SetStateLabel": "setStatus",
		"State": "Staat",
		"StateLabel": "Staat",
		"TimeoutsLabel": "Timeouts",
		"Title": "Aktivität",
		"TitleForInline": "Aktivität Inline",
		"TypeLabel": "Art",
		"UserComment": "Kommentar"
	},
	"ActivityNamePrefix": "Aktivität",
	"ActivityToolbar": {
		"CreateActivity": "Aktivität erstellen",
		"CreateTransition": "Übergang erstellen",
		"CreateTransitionAndActivity": "Übergang und Aktivität erstellen"
	},
	"ActorFormLabel": {
		"Name": "Name",
		"Rule": "Regel",
		"ShowPredefinedActors": "Vordefinierte Schauspieler anzeigen",
		"Title": "AkteurInnen",
		"Value": "Wert"
	},
	"AlertTitle": "Warnung",
	"AssignmentFormLabel": {
		"AssignmentDeleted": "Zuordnung gelöscht",
		"Code": "Codes",
		"DateCreation": "Erstellungsdatum",
		"DateFinish": "Datum Ende",
		"DateStart": "Datum Beginn",
		"DeadlineToFinish": "Frist zu beenden",
		"DeadlineToStart": "Frist für den Start",
		"Description": "Beschreibung",
		"Executor": "Vollzieher",
		"ExecutorId": "Testamentsvollstrecker-ID",
		"Name": "Name",
		"ObserverId": "Beobachter-ID",
		"Observers": "Beobachter",
		"ProhibitedForExecution": "Zur Hinrichtung verboten",
		"Status": "Status",
		"Tags": "Tags",
		"Title": "Zuordnung",
		"TypeSomething": "Geben Sie etwas ein"
	},
	"BrokenReferencesDialogText": "Dieses Schema enthält Verweise auf ELEMENTE, die nicht von diesem Schema oder aktuellen Aktionsanbietern definiert werden. Willst du sie behalten?",
	"ButtonTextCancel": "Stornieren",
	"ButtonTextClose": "Schließen",
	"ButtonTextCreate": "Erstellen",
	"ButtonTextDelete": "Löschen",
	"ButtonTextNo": "Nein",
	"ButtonTextOk": "Okay",
	"ButtonTextRedo": "Redo",
	"ButtonTextSave": "Speichern",
	"ButtonTextUndo": "Rückgängig",
	"ButtonTextYes": "Ja",
	"CloseWithoutSaving": "Schließen ohne zu speichern?",
	"CodeActionsFormLabel": {
		"ActionCode": "Aktionscode",
		"Checkbox": "Kontrollkästchen",
		"CommonUsings": "Allgemeine Verwendungen",
		"CustomTypeHint": "Um einen benutzerdefinierten Typ zu verwenden, fügen Sie hier seinen Namen hinzu und fügen Sie seine Implementierung der jsonform-Vorlage hinzu.",
		"Date": "Datum",
		"DateTime": "Datum und Uhrzeit",
		"DefaultValue": "Standardwert",
		"Dropdown": "Dropdown",
		"DropdownName": "Name",
		"DropdownShouldContainValues": "Dropdown sollte Werte enthalten",
		"DropdownValue": "Wert",
		"EditParameters": "Parameter bearbeiten",
		"GlobalDeleteMessage": "Wenn Sie die globale CodeAction gelöscht haben - <br/><b>können andere Schemata sie nicht aufrufen!</B>",
		"IsAsync": "Asynchron",
		"IsGlobal": "Ist global",
		"IsRequired": "Erforderlich",
		"Json": "Json",
		"MultiSelect": "Mehrfachauswahl",
		"Name": "Name",
		"Number": "Zahl",
		"Parameters": "Rahmenbedingungen",
		"Text": "Text",
		"TextArea": "Textbereich",
		"Time": "Zeit",
		"Title": "Code-Aktionen",
		"TitleField": "Titelleiste",
		"Type": "Art",
		"UnGlobalMessage": "Sie haben den Status der globalen Flagge geändert.<br/>Nach dem Speichern dieses Schemas wird eine lokale CodeAktion basierend auf dieser globalen Codeaktion erstellt.",
		"Values": "Wertvorstellungen"
	},
	"CommandFormLabel": {
		"Name": "Name",
		"Title": "Befehl"
	},
	"CommandParametersFormLabel": {
		"InputParametersDefaultValue": "Standard",
		"InputParametersIsRequired": "Erforderlich",
		"InputParametersName": "Name",
		"InputParametersParameter": "Parameter",
		"Title": "befehlsparameter"
	},
	"Decision": {
		"ActionLabel": "Aktion",
		"Annotations": "Anmerkung",
		"Condition": "Bedingung",
		"ConditionAction": "Aktion",
		"ConditionActionParameter": "Aktionsparameter",
		"ConditionInversion": "Ergebnis invertieren",
		"ConditionType": "Art",
		"ExpressionLabel": "Ausdruck",
		"Implementation": "Umsetzung",
		"IsAutoSchemeUpdate": "Automatisches Schema-Update",
		"IsFinal": "Endgültig",
		"IsForSetState": "Für eingestellten Zustand",
		"IsInitial": "Ersten",
		"Name": "Name",
		"PreExecutionImplementation": "Implementierung vor der Ausführung",
		"ResultOnPreExecution": "Vorabprüfung. Ergebnis",
		"Scheme": "Inline-Schema",
		"State": "Staat",
		"Title": "Entscheidung",
		"TitleForInline": "Entscheidung Inline",
		"To": "Zur Aktivität",
		"Transition": "Übergänge zu Aktivitäten",
		"UserComment": "Kommentar",
		"WhenFalse": "Wenn falsch",
		"WhenTrue": "Wenn wahr"
	},
	"DecisionTable": {
		"ActionLabel": "Aktion",
		"Annotations": "Anmerkung",
		"Condition": "Bedingung",
		"ConditionAction": "Aktion",
		"ConditionActionParameter": "Aktionsparameter",
		"ConditionInversion": "Ergebnis invertieren",
		"ConditionType": "Art",
		"ExpressionLabel": "Ausdruck",
		"Implementation": "Umsetzung",
		"IsAutoSchemeUpdate": "Automatisches Schema-Update",
		"IsFinal": "Endgültig",
		"IsForSetState": "Für eingestellten Zustand",
		"IsInitial": "Ersten",
		"Name": "Name",
		"Parameters": "Rahmenbedingungen",
		"PreExecutionImplementation": "Implementierung vor der Ausführung",
		"ResultOnPreExecution": "Vorabprüfung. Ergebnis",
		"Scheme": "Inline-Schema",
		"State": "Staat",
		"Title": "Entscheidungstabelle",
		"TitleForInline": "Entscheidungstabelle Inline",
		"To": "Zur Aktivität",
		"Transition": "Übergänge zu Aktivitäten",
		"UserComment": "Kommentar"
	},
	"DeleteConfirm": "Sind Sie sicher, dass Sie ausgewählte Elemente löschen möchten?",
	"DeleteConfirmCurrent": "Sind Sie sicher, dass Sie diesen Artikel löschen möchten?",
	"DialogConfirmText": "Frage",
	"DropdownValues": {
		"Dropdown": "Dropdown",
		"Name": "Name",
		"Value": "Wert",
		"Values": "Wertvorstellungen"
	},
	"EditCodeLabel": {
		"Compile": "Kompilieren",
		"CompileSucceeded": "Kompilierung erfolgreich.",
		"EditCodeButton": "Code bearbeiten",
		"Error": "Fehlermeldung",
		"HideUsings": "Verwendungen ausblenden",
		"OK": "Okay",
		"ShowUsings": "Verwendungen anzeigen",
		"Success": "Erfolg",
		"Title": "Code bearbeiten",
		"Usings": "Verwendungen"
	},
	"EditExpressionLabel": {
		"Error": "Fehlermeldung",
		"OK": "Okay",
		"Succeeded": "Ausdruck ist gültig.",
		"Success": "Erfolg",
		"Title": "Ausdruck bearbeiten",
		"Validate": "Validieren"
	},
	"EditJSONLabel": {
		"CreateEmptyType": "Erstellen",
		"Format": "Formatierung",
		"Title": "Wert in JSON bearbeiten"
	},
	"EditParametersFormlabel": {
		"CustomForms": {
			"AssignmentChange": {
				"AllExecutors": "Aller",
				"Change": "Ändern",
				"Code": "Codes",
				"DeadlineToComplete": "Frist für die Fertigstellung",
				"DeadlineToStart": "Frist für den Start",
				"Heading": "Zuordnung",
				"IsActive": "Ist aktiv",
				"Name": "Name",
				"NewExecutor": "Neuer Testamentsvollstrecker",
				"NewTag": "Neues Etikett",
				"Observers": "Beobachter",
				"OldExecutor": "Alter Vollstrecker",
				"ReplacementExecutors": "Ersatz von Testamentsvollstreckern",
				"State": "Staat",
				"Status": "Status",
				"StatusState": "Status Zustand",
				"Tags": "Tags"
			},
			"AssignmentCreate": {
				"Code": "Codes",
				"DeadlineToComplete": "Frist für die Fertigstellung",
				"DeadlineToStart": "Frist für den Start",
				"Description": "Beschreibung",
				"Executors": "Vollzieher",
				"Heading": "Zuordnung",
				"IsActive": "Ist aktiv",
				"Name": "Name",
				"NewTag": "Neues Etikett",
				"Observers": "Beobachter",
				"State": "Staat",
				"Tags": "Tags"
			},
			"AssignmentsHaveStatus": {
				"Assignments": "Zuordnung",
				"Code": "Codes",
				"Condition": "Bedingung",
				"IncludeInactive": "Inaktiv einschließen",
				"Name": "Name",
				"State": "Staat",
				"StatusState": "Status Zustand"
			},
			"CreateProcess": {
				"Heading": "Haupteinstellungen",
				"Name": "Name",
				"ParameterName": "Name",
				"ParameterPurpose": "Zweck",
				"ParameterValue": "Wert",
				"ProcessCreationParameters": "Parameter für die Prozesserstellung",
				"ProcessId": "Prozess-ID",
				"Scheme": "Scheme",
				"State": "Staat"
			},
			"HTTPRequest": {
				"AddProcessInstanceParameters": "Hinzufügen von Prozessinstanzparametern",
				"ContentType": "Inhaltstypen",
				"Headers": "Headern",
				"Heading": "Anfrage",
				"Name": "Name",
				"ParameterName": "Parameternamen",
				"ParameterPurpose": "Parameter Zweck",
				"Parameters": "Rahmenbedingungen",
				"Password": "Passwort",
				"Post": "Post",
				"State": "Staat",
				"StoreResponse": "Antwort speichern",
				"Url": "URL",
				"UseAuth": "Authentifizierung verwenden",
				"Username": "Benutzernamen"
			},
			"SendEmail": {
				"BccList": "BCC-Adressliste",
				"Body": "Körper",
				"CcList": "CC-Adressliste",
				"Heading": "Form",
				"IsHTML": "IsHTML",
				"MailServer": "Mailserver",
				"MailServerFrom": "Mailserver von",
				"MailServerLogin": "E-Mail-Server-Anmeldung",
				"MailServerPass": "Mailserver-Durchlauf",
				"MailServerPort": "Port des Mailservers",
				"MailServerSsl": "MailServerSsl",
				"Name": "Name",
				"ReplyToList": "Antwort auf Adressliste",
				"State": "Staat",
				"Subject": "Thema",
				"To": "Zu",
				"UseAuth": "Authentifizierung verwenden"
			},
			"SetLoopState": {
				"LoopName": "Schleifenname",
				"LoopState": "Schleifenzustand",
				"Name": "Name",
				"State": "Staat"
			},
			"StartLoopFor": {
				"CounterType": "Zählertyp",
				"DateRange": "Datumsbereich",
				"EndDate": "Enddatum",
				"EndValue": "Endwert",
				"Heading": "Schleife",
				"IncludeLastValue": "Letzten Wert einschließen",
				"LoopCounterValueParameterName": "Schleifenzähler Wert Parametername",
				"LoopName": "Schleifenname",
				"LoopStateParameterName": "Name des Parameters für den Schleifenstatus",
				"Name": "Name",
				"RangeSeparator": "Zu",
				"Reverse": "Cowgirl",
				"StartDate": "Startdatum",
				"StartValue": "Startwert",
				"State": "Staat",
				"Step": "Schritt",
				"StepType": "Schritt-Art"
			},
			"StartLoopForeach": {
				"Heading": "Schleife",
				"LoopCounterValueParameterName": "Schleifenzähler Wert Parametername",
				"LoopName": "Schleifenname",
				"LoopStateParameterName": "Name des Parameters für den Schleifenstatus",
				"Name": "Name",
				"Reverse": "Cowgirl",
				"State": "Staat",
				"Values": "Wertvorstellungen",
				"ValuesError": "Kein Wert darf nicht leer sein!"
			}
		},
		"DateShouldBeInISOFormat": "Datums- / Uhrzeitparameter sollten im ISO8601-Format vorliegen",
		"IncorrectForm": "Ihr Formular enthält mehr als ein Element und mindestens ein Element hat keinen Namen. Bitte geben Sie den Namen für jedes Element an.",
		"InvalidJson": "JSON-Objekt ist ungültig oder stimmt nicht mit dem Modell überein",
		"NumberRequired": "Sollte ein numerischer Wert sein",
		"SwitchToConstructor": "Zum Parameterwerte-Editor wechseln",
		"SwitchToJson": "Zum JSON-Editor wechseln",
		"Title": "Parameterwerte bearbeiten"
	},
	"ElementToolbar": {
		"Clone": "Klonen",
		"Color": "Farbig",
		"Delete": "Löschen",
		"ShowProperties": "Immobilien anzeigen"
	},
	"Elements": {
		"Activities": "Aktivitäten",
		"BasicActivity": "Grundlegende Tätigkeit",
		"BasicActivityDesc": "Es bestimmt einen Zustand und die Reihenfolge, in der Aktionen in Ihrem Prozess ausgeführt werden.",
		"Comment": {
			"Alignment": "Ausrichtung",
			"CommentText": "Kommentartext",
			"Description": "Kommentieren Sie das Schema",
			"FontSize": "Schriftgröße",
			"Name": "Name",
			"TextFormatting": "Textformatierung",
			"Title": "Kommentar"
		},
		"FinalActivity": "Letzte Aktivität",
		"FinalActivityDesc": "Es ist ein Endzustand.",
		"Header": "Schlüsselelemente",
		"InitialActivity": "Anfängliche Aktivität",
		"InitialActivityDesc": "Es ist ein Anfangszustand.",
		"InlineHeader": "Inline",
		"PluginRequired": "Plugin erforderlich:",
		"SetLoopState": {
			"Description": "Die Aktion zum Festlegen des Schleifenstatus",
			"Title": "Schleifenstatus festlegen"
		},
		"Templates": "Vorlagen"
	},
	"ErrorActivityIsFinalCountText": "Dieses Schema ist inline. Ein oder mehrere Elemente müssen als Final markiert sein",
	"ErrorActivityIsInitialCountText": "Ein Element muss als Initial markiert sein",
	"ErrorInBrowserConsole": "Weitere Informationen finden Sie in der Browserkonsole.",
	"ErrorInvalidObjectsSaveText": "Das Schema kann nicht gespeichert werden. Diese Objekte befinden sich im ungültigen Zustand",
	"ErrorReadOnlySaveText": "Der Designer im schreibgeschützten Modus, Sie können ihn nicht speichern.",
	"EscapeConfirm": "Es gibt nicht gespeicherte Änderungen. Möchten Sie das Schema speichern?",
	"FieldIsNotCorrected": "Feld wird nicht korrigiert!",
	"FieldIsRequired": "Feld ist erforderlich!",
	"FieldMustBeUnique": "Feld muss eindeutig sein!",
	"FieldMustContainAt": "Feld muss enthalten @",
	"InfoBlockLabel": {
		"Activity": "Aktivitäten: ",
		"Command": "Menübefehle: ",
		"Transition": "Nge: "
	},
	"LibraryLabel": {
		"PluginRequired": "Plugin erforderlich:"
	},
	"LocalizationFormLabel": {
		"Culture": "Kultur",
		"IsDefault": "IsDefault",
		"ObjectName": "ObjektName",
		"ShowPredefined": "Vordefinierte anzeigen",
		"Title": "Lokalisierung",
		"Type": "Art",
		"Types": {
			"Action": "Aktion",
			"Command": "Befehl",
			"Comment": "Kommentar",
			"Condition": "Bedingung",
			"Parameter": "Parameter",
			"Scheme": "Scheme",
			"State": "Staat"
		},
		"Value": "Wert"
	},
	"Logs": {
		"AutoRefresh": "Automatische Aktualisierung",
		"Description": "Dieser Parameter ist der Standardwert für die Protokollierung von Prozessen, die auf diesem Schema basieren",
		"Empty": "Leer",
		"Exception": "Ausnahme",
		"ExceptionInfo": "Ausnahme info",
		"HideDetails": "Details ausblenden",
		"Label": "Ereignisprotokolle",
		"Message": "Nachricht",
		"ParamName": "LogEnabled",
		"Refresh": "Aktualisieren",
		"Show": "Karte",
		"ShowDetails": "Details anzeigen",
		"Timestamp": "Zeitstempel"
	},
	"None": "Kein",
	"ParameterFormLabel": {
		"InitialValue": "Initialwert",
		"Name": "Name",
		"Purpose": "Zweck",
		"ShowSystemParameters": "Systemparameter anzeigen",
		"Title": "Rahmenbedingungen",
		"Type": "Art",
		"Value": "Wert"
	},
	"ProcessInfoFormLabel": {
		"DefiningParameters": "Parameter definieren",
		"GeneralTabLabel": "Allgemein",
		"HistoryTabActorIdLabel": "Schauspieler-ID",
		"HistoryTabActorLabel": "Schauspieler",
		"HistoryTabDurationLabel": "Dauer (ms)",
		"HistoryTabExecutorIdLabel": "Testamentsvollstrecker-ID",
		"HistoryTabExecutorLabel": "Vollzieher",
		"HistoryTabFromLabel": "Von",
		"HistoryTabFromStateLabel": "Vom Staat",
		"HistoryTabName": "Geschichte",
		"HistoryTabStartTimeLabel": "Startzeit",
		"HistoryTabTimeLabel": "Zeit",
		"HistoryTabToLabel": "Zu",
		"HistoryTabToStateLabel": "Zum Staat",
		"HistoryTabTransitionClassifierNameLabel": "Klassifizierer",
		"HistoryTabTriggerNameLabel": "Name des Auslösers",
		"IsObsolete": "Isobsolet",
		"ParametersNameLabel": "Name",
		"ParametersValueLabel": "Wert",
		"ProcessIdLabel": "Prozess-ID",
		"ProcessParameters": "Prozessparameter",
		"ProcessParametersTabName": "Prozessparameter",
		"RootProcess": "Root-Prozess",
		"SystemParametersTabName": "Systemparameter",
		"TagsInputPlaceholder": "Geben Sie einen Namen ein, um ein Tag hinzuzufügen",
		"TagsLabel": "Tags",
		"TagsTabName": "Tags",
		"TimersTabName": "Hasen",
		"TimersTabNameLabel": "Name",
		"TimersTabValueLabel": "Wert",
		"Title": "Prozessinfo"
	},
	"ReadMore": "Lesen Sie mehr.",
	"SaveConfirm": "Änderungen speichern?",
	"SchemeNotSaved": "Schema nicht gespeichert",
	"SchemeSaved": "Schema gespeichert",
	"SwitchToDefaultMode": "In den Standardmodus wechseln",
	"SwitchToExpertMode": "In den Expertenmodus wechseln",
	"TimerFormLabel": {
		"Name": "Name",
		"Override": "Überschreiben",
		"OverrideHint": "Timer überschreiben, falls vorhanden",
		"Title": "Hasen",
		"Type": "Art",
		"Value": "Wert"
	},
	"ToolbarLabel": {
		"ActivitiesCount": "Anzahl der Aktivitäten / Limit",
		"Actors": "AkteurInnen",
		"AdditionalParameters": "Zusätzliche Parameter",
		"Assignments": "Zuordnung",
		"AutoArrangement": "Automatische Anordnung",
		"Clear": "Klar",
		"Clone": "Klonen",
		"CodeActions": "Code-Aktionen",
		"Commands": "Menübefehle",
		"CommandsCount": "Befehle count / Limit",
		"CopySelected": "Ausgewählte kopieren",
		"CreateActivity": "Aktivität erstellen",
		"CreateActivityTransition": "Erstellen einer Aktivität und eines Übergangs",
		"CreateInline": "Inline erstellen (Vorlage)",
		"CreateTransition": "Erstellen Sie einen Übergang",
		"Delete": "Löschen",
		"Download": "Herunterladen",
		"DownloadBPMN": "Als BPMN herunterladen",
		"DownloadScheme": "Schema herunterladen",
		"DownloadXML": "Als XML herunterladen",
		"Elements": "Schlüsselelemente",
		"File": "Datei",
		"FitToScreen": "An Bildschirm anpassen",
		"FullScreen": "Vollbildmodus",
		"ImageQuality": "Qualität (Pixel-Seitenverhältnis):",
		"Info": "Erweiterte Infos",
		"Inline": "Das Schema kann inline sein",
		"Language": "Sprachlich",
		"Legend": "Legende",
		"Library": "Bibliothek",
		"Localization": "Lokalisierung",
		"Menu": "Menü",
		"Move": "Bewegen",
		"Parameters": "Rahmenbedingungen",
		"ProcessInfo": "Prozessinfo",
		"Redo": "Redo",
		"Refresh": "Aktualisieren",
		"ResetSettings": "Einstellungen zurücksetzen",
		"ResetZoom": "Zoom zurücksetzen",
		"Save": "Speichern",
		"SaveToImage": "In Bild speichern",
		"Scheme": "Scheme",
		"Settings": "Einstellung",
		"ShowGrid": "Gitter anzeigen",
		"Timers": "Hasen",
		"TransitionsCount": "Übergänge zählen / begrenzen",
		"Undo": "Rückgängig",
		"Upload": "Laden",
		"UploadBPMN": "BPMN hochladen",
		"UploadScheme": "Upload-Schema",
		"UploadXML": "XML hochladen",
		"View": "Blick",
		"ZoomIn": "vergrößern",
		"ZoomOut": "verkleinern",
		"ZoomPositionDefault": "Zoom Standard",
		"ZoomTo100": "Zoom auf 100 einstellen%"
	},
	"TransitionAuto": "Auto",
	"TransitionFormLabel": {
		"ActionLabel": "Aktion",
		"Allow": "Erlauben",
		"AllowConcatenationType": "Verketten erlauben als",
		"AlwaysConditionShouldBeSingle": "Immer Bedingung sollte Single sein",
		"AlwaysLabel": "Immer",
		"AnnotationName": "Name",
		"AnnotationValue": "Wert",
		"Annotations": "Anmerkung",
		"Classifier": "Klassifizierer",
		"ClassifierValues": {
			"Direct": "Direkt",
			"NotSpecified": "Nicht spezifiziert",
			"Reverse": "Cowgirl"
		},
		"Condition": "Bedingung",
		"ConditionAction": "Aktion",
		"ConditionActionParameter": "Aktionsparameter",
		"ConditionExpression": "Ausdruck",
		"ConditionInversion": "Ergebnis invertieren",
		"ConditionType": "Art",
		"ConditionalLabel": "Bedingter",
		"ConditionsConcatenationType": "Bedingungen Verkettungstyp",
		"ConditionsListShouldNotBeEmpty": "Bedingungsliste sollte nicht leer sein",
		"DisableParentStateControl": "Übergeordnete Prozesssteuerung deaktivieren",
		"ExpressionLabel": "Ausdruck",
		"From": "Von Aktivität",
		"HideConcatParameters": "Verkettung ausblenden",
		"InlinedFinalActivityName": "Inlinierter Name der endgültigen Aktivität",
		"IsFork": "Is fork (Paralleler Prozess)",
		"MergeViaSetState": "Teilprozess über Set State zusammenführen",
		"Name": "Name",
		"OtherwiseConditionShouldBeSingle": "Ansonsten sollte die Bedingung single sein",
		"OtherwiseLabel": "Sonst",
		"Restrict": "Beschränken",
		"RestrictConcatenationType": "Verkettung einschränken als",
		"Restrictions": "Zugangsbeschränkungen",
		"RestrictionsActor": "Schauspieler",
		"RestrictionsType": "Art",
		"ResultOnPreExecution": "Vorabprüfung. Ergebnis",
		"ShowConcatParameters": "Verkettung anzeigen",
		"Subprocess": "Unterprozess",
		"SubprocessAuto": "Auto",
		"SubprocessFinalize": "Abschließen",
		"SubprocessFinalizeParameterMergeStrategy": "Parameter Merge-Strategie",
		"SubprocessFinalizeParameterMergeStrategyDontOverwriteSpecified": "Angegebene nicht überschreiben",
		"SubprocessFinalizeParameterMergeStrategyOverwriteAll": "Alle überschreiben",
		"SubprocessFinalizeParameterMergeStrategyOverwriteAllNulls": "Überschreibe alle Nullen",
		"SubprocessFinalizeParameterMergeStrategyOverwriteSpecified": "Spezifiziertes Überschreiben",
		"SubprocessFinalizeSettings": "Unterprozess Einstellungen abschließen",
		"SubprocessId": "Teilprozess-ID",
		"SubprocessIdPlaceholder": "Automatisch generierte GUID",
		"SubprocessName": "Name des Unterprozesses",
		"SubprocessNamePlaceholder": "Wie der Name des Übergangs",
		"SubprocessNone": "Kein",
		"SubprocessSpecifiedParameters": "Spezifizierte Parameter",
		"SubprocessStart": "Beginnen",
		"SubprocessStartSettings": "Unterprozess-Starteinstellungen",
		"SubprocessStartupParameterCopyStrategy": "Parameter Kopierstrategie",
		"SubprocessStartupParameterCopyStrategyCopyAll": "Alles kopieren",
		"SubprocessStartupParameterCopyStrategyCopySpecified": "Angegebene Kopie",
		"SubprocessStartupParameterCopyStrategyIgnoreAll": "Alles ignorieren",
		"SubprocessStartupParameterCopyStrategyIgnoreSpecified": "Angegebene ignorieren",
		"SubprocessStartupType": "Starttyp des Unterprozesses",
		"SubprocessStartupTypeAnotherThread": "Ein anderer Thread",
		"SubprocessStartupTypeSameThread": "Gleicher Thread",
		"SubprocessStartupTypeTimerQueue": "Timer-Warteschlange",
		"Title": "Übergang",
		"To": "Zur Aktivität",
		"Trigger": "Auslösen",
		"TriggerAuto": "Auto",
		"TriggerCommand": "Befehl",
		"TriggerTimer": "Timer",
		"TriggerType": "Art",
		"UserComment": "Kommentar"
	},
	"Warning": "Warnung"
}