{
	"LangInfo": {
		"code": "es",
		"dialect": "ES",
		"name": "Español",
		"description": "Spanish"
	},
	"ActivityFormLabel": {
		"ActivityLabel": "Actividad",
		"AllExceptions": "*",
		"AnnotationName": "Nombre",
		"AnnotationValue": "Valor",
		"Annotations": "Anotaciones",
		"DisablePersist": "Deshabilitar la persistencia",
		"DisablePersists": {
			"DisablePersistParameters": "Deshabilitar los parámetros de persistencia del proceso",
			"DisablePersistState": "Deshabilitar el estado de persistencia del proceso",
			"DisablePersistTransitionHistory": "Deshabilitar la persistencia del historial de transiciones"
		},
		"Exceptions": "Salvedad",
		"ExceptionsHandling": "Manejo de excepciones",
		"ExecutionTimeoutLabel": "Tiempo de espera de ejecución",
		"ExecutionTimeoutWarning": "El tiempo de espera de ejecución solo funciona con acciones asíncronas. Verifique el token de cancelación para el manejo adecuado del tiempo de espera.",
		"IdleTimeoutLabel": "Tiempo de espera inactivo",
		"IgnoreLabel": "Ignorar",
		"ImpAction": "Acto",
		"ImpActionParameter": "Parámetro de acción",
		"ImpOrder": "Orden",
		"Implementation": "Aplicación",
		"IsAutoSchemeUpdate": "Actualización automática del esquema",
		"IsFinal": "Final",
		"IsForSetState": "Para establecer estado",
		"IsInitial": "Inicial",
		"Name": "Nombre",
		"PreExecutionImplementation": "Implementación previa a la Ejecución",
		"RetryCountLabel": "Recuento de reintentos",
		"RetryLabel": "Reintento",
		"Scheme": "Esquema en línea",
		"SetActivityLabel": "SetActivity",
		"SetStateLabel": "Establecer estado",
		"State": "Estado",
		"StateLabel": "Estado",
		"TimeoutsLabel": "Tiempos de espera",
		"Title": "Actividad",
		"TitleForInline": "Actividad En Línea",
		"TypeLabel": "Tipo",
		"UserComment": "Comentario"
	},
	"ActivityNamePrefix": "Actividad",
	"ActivityToolbar": {
		"CreateActivity": "Crear actividad",
		"CreateTransition": "Crear transición",
		"CreateTransitionAndActivity": "Crear transición y actividad"
	},
	"ActorFormLabel": {
		"Name": "Nombre",
		"Rule": "Regla",
		"ShowPredefinedActors": "Mostrar actores predefinidos",
		"Title": "Actor",
		"Value": "Valor"
	},
	"AlertTitle": "Advertencia",
	"AssignmentFormLabel": {
		"AssignmentDeleted": "Asignación eliminada",
		"Code": "Codificar",
		"DateCreation": "Fecha de creación",
		"DateFinish": "Fecha de finalización",
		"DateStart": "Fecha de inicio",
		"DeadlineToFinish": "Fecha límite para terminar",
		"DeadlineToStart": "Fecha límite para comenzar",
		"Description": "Descripción",
		"Executor": "Ejecutor",
		"ExecutorId": "Id del Ejecutor",
		"Name": "Nombre",
		"ObserverId": "Id de Observador",
		"Observers": "Observador",
		"ProhibitedForExecution": "Prohibido para la ejecución",
		"Status": "Estatus",
		"Tags": "Tags",
		"Title": "Asignaciones",
		"TypeSomething": "Escribe algo"
	},
	"BrokenReferencesDialogText": "Este esquema contiene referencias a ELEMENTOS que no están definidos por este esquema ni por los proveedores de acciones actuales. ¿Quieres conservarlos?",
	"ButtonTextCancel": "Cancelar",
	"ButtonTextClose": "Cerca",
	"ButtonTextCreate": "Crear",
	"ButtonTextDelete": "Eliminar",
	"ButtonTextNo": "No",
	"ButtonTextOk": "Ok",
	"ButtonTextRedo": "Rehacer",
	"ButtonTextSave": "Guardar",
	"ButtonTextUndo": "Deshacer",
	"ButtonTextYes": "Sí",
	"CloseWithoutSaving": "Cerrar sin guardar?",
	"CodeActionsFormLabel": {
		"ActionCode": "Código de acción",
		"Checkbox": "Casilla",
		"CommonUsings": "Usos Comunes",
		"CustomTypeHint": "Para usar un tipo personalizado, agregue su nombre aquí y agregue su implementación a la plantilla jsonform.",
		"Date": "Fecha",
		"DateTime": "Fecha y hora",
		"DefaultValue": "Valor por defecto",
		"Dropdown": "Desplegable",
		"DropdownName": "Nombre",
		"DropdownShouldContainValues": "El menú desplegable debe contener valores",
		"DropdownValue": "Valor",
		"EditParameters": "Editar parámetros",
		"GlobalDeleteMessage": "Si ha eliminado la acción de código Global- <br/> < b>¡otros esquemas no podrán llamarla!< / b>",
		"IsAsync": "Asíncrono",
		"IsGlobal": "Es global",
		"IsRequired": "Requerir",
		"Json": "Json",
		"MultiSelect": "Selección múltiple",
		"Name": "Nombre",
		"Number": "Numero",
		"Parameters": "Parámetros",
		"Text": "Texto",
		"TextArea": "TextArea",
		"Time": "Tiempo",
		"Title": "Acciones de código",
		"TitleField": "Titular",
		"Type": "Tipo",
		"UnGlobalMessage": "Has cambiado el estado de la bandera global.<br/>Se creará una Acción de código Local basada en esta Acción de Código Global después de guardar este esquema.",
		"Values": "Valor"
	},
	"CommandFormLabel": {
		"Name": "Nombre",
		"Title": "Comando"
	},
	"CommandParametersFormLabel": {
		"InputParametersDefaultValue": "Predeterminado",
		"InputParametersIsRequired": "Requerir",
		"InputParametersName": "Nombre",
		"InputParametersParameter": "Parámetro",
		"Title": "parámetros de comando"
	},
	"Decision": {
		"ActionLabel": "Acto",
		"Annotations": "Anotaciones",
		"Condition": "Condición",
		"ConditionAction": "Acto",
		"ConditionActionParameter": "Parámetro de acción",
		"ConditionInversion": "Invertir resultado",
		"ConditionType": "Tipo",
		"ExpressionLabel": "Expresion",
		"Implementation": "Aplicación",
		"IsAutoSchemeUpdate": "Actualización automática del esquema",
		"IsFinal": "Final",
		"IsForSetState": "Para establecer estado",
		"IsInitial": "Inicial",
		"Name": "Nombre",
		"PreExecutionImplementation": "Implementación previa a la Ejecución",
		"ResultOnPreExecution": "PreExec. Resultado",
		"Scheme": "Esquema en línea",
		"State": "Estado",
		"Title": "Decisión",
		"TitleForInline": "Decisión En Línea",
		"To": "A la actividad",
		"Transition": "Transiciones a actividades",
		"UserComment": "Comentario",
		"WhenFalse": "Cuando Es Falso",
		"WhenTrue": "Cuando Es Verdad"
	},
	"DecisionTable": {
		"ActionLabel": "Acto",
		"Annotations": "Anotaciones",
		"Condition": "Condición",
		"ConditionAction": "Acto",
		"ConditionActionParameter": "Parámetro de acción",
		"ConditionInversion": "Invertir resultado",
		"ConditionType": "Tipo",
		"ExpressionLabel": "Expresion",
		"Implementation": "Aplicación",
		"IsAutoSchemeUpdate": "Actualización automática del esquema",
		"IsFinal": "Final",
		"IsForSetState": "Para establecer estado",
		"IsInitial": "Inicial",
		"Name": "Nombre",
		"Parameters": "Parámetros",
		"PreExecutionImplementation": "Implementación previa a la Ejecución",
		"ResultOnPreExecution": "PreExec. Resultado",
		"Scheme": "Esquema en línea",
		"State": "Estado",
		"Title": "Cuadro de decisión",
		"TitleForInline": "Tabla de decisiones En Línea",
		"To": "A la actividad",
		"Transition": "Transiciones a actividades",
		"UserComment": "Comentario"
	},
	"DeleteConfirm": "¿Está seguro de que desea eliminar los elementos seleccionados?",
	"DeleteConfirmCurrent": "¿Estás seguro de que quieres eliminar este artículo?",
	"DialogConfirmText": "Pregunta",
	"DropdownValues": {
		"Dropdown": "Desplegable",
		"Name": "Nombre",
		"Value": "Valor",
		"Values": "valor"
	},
	"EditCodeLabel": {
		"Compile": "Compilar",
		"CompileSucceeded": "La compilación tuvo éxito.",
		"EditCodeButton": "Editar código",
		"Error": "Error",
		"HideUsings": "Ocultar usos",
		"OK": "OK",
		"ShowUsings": "Mostrar usings",
		"Success": "Éxito",
		"Title": "Editar código",
		"Usings": "Usos"
	},
	"EditExpressionLabel": {
		"Error": "Error",
		"OK": "OK",
		"Succeeded": "La expresión es válida.",
		"Success": "Éxito",
		"Title": "Editar expresión",
		"Validate": "Validar"
	},
	"EditJSONLabel": {
		"CreateEmptyType": "Crear",
		"Format": "Formato",
		"Title": "Editar valor en JSON"
	},
	"EditParametersFormlabel": {
		"CustomForms": {
			"AssignmentChange": {
				"AllExecutors": "Todo",
				"Change": "Cambio",
				"Code": "Codificar",
				"DeadlineToComplete": "Fecha límite para completar",
				"DeadlineToStart": "Fecha límite para comenzar",
				"Heading": "Asignación",
				"IsActive": "Está activo",
				"Name": "Nombre",
				"NewExecutor": "Nuevo albacea",
				"NewTag": "Nueva Etiqueta",
				"Observers": "Observador",
				"OldExecutor": "Antiguo albacea",
				"ReplacementExecutors": "Sustitución de ejecutores",
				"State": "Estado",
				"Status": "Estatus",
				"StatusState": "Estado",
				"Tags": "Tags"
			},
			"AssignmentCreate": {
				"Code": "Codificar",
				"DeadlineToComplete": "Fecha límite para completar",
				"DeadlineToStart": "Fecha límite para comenzar",
				"Description": "Descripción",
				"Executors": "Ejecutor",
				"Heading": "Asignación",
				"IsActive": "Está activo",
				"Name": "Nombre",
				"NewTag": "Nueva Etiqueta",
				"Observers": "Observador",
				"State": "Estado",
				"Tags": "Tags"
			},
			"AssignmentsHaveStatus": {
				"Assignments": "Asignaciones",
				"Code": "Codificar",
				"Condition": "Condición",
				"IncludeInactive": "Incluir inactivo",
				"Name": "Nombre",
				"State": "Estado",
				"StatusState": "Estado"
			},
			"CreateProcess": {
				"Heading": "Ajustes principales",
				"Name": "Nombre",
				"ParameterName": "Nombre",
				"ParameterPurpose": "Propósito",
				"ParameterValue": "Valor",
				"ProcessCreationParameters": "Parámetros de creación de procesos",
				"ProcessId": "Id de proceso",
				"Scheme": "Esquema",
				"State": "Estado"
			},
			"HTTPRequest": {
				"AddProcessInstanceParameters": "Agregar parámetros de instancia de proceso",
				"ContentType": "Tipo de contenido",
				"Headers": "Cabecera",
				"Heading": "Solicitud",
				"Name": "Nombre",
				"ParameterName": "Nombre del parámetro",
				"ParameterPurpose": "Propósito del parámetro",
				"Parameters": "Parámetros",
				"Password": "Contraseña",
				"Post": "Post",
				"State": "Estado",
				"StoreResponse": "Respuesta de la tienda",
				"Url": "URL",
				"UseAuth": "Usar autenticación",
				"Username": "Nombre de usuario"
			},
			"SendEmail": {
				"BccList": "Lista de direcciones de BCC",
				"Body": "Cuerpo",
				"CcList": "Lista de direcciones CC",
				"Heading": "Forma",
				"IsHTML": "IsHTML",
				"MailServer": "Servidor de correo",
				"MailServerFrom": "Servidor de correo desde",
				"MailServerLogin": "Inicio de sesión en el servidor de correo",
				"MailServerPass": "Pase de servidor de correo",
				"MailServerPort": "Puerto del servidor de correo",
				"MailServerSsl": "Servidor de correo",
				"Name": "Nombre",
				"ReplyToList": "Responder a la lista de direcciones",
				"State": "Estado",
				"Subject": "Tema",
				"To": "A",
				"UseAuth": "Usar autenticación"
			},
			"SetLoopState": {
				"LoopName": "Nombre del bucle",
				"LoopState": "Estado de bucle",
				"Name": "Nombre",
				"State": "Estado"
			},
			"StartLoopFor": {
				"CounterType": "Tipo de contador",
				"DateRange": "Intervalo de fechas",
				"EndDate": "Fecha de finalización",
				"EndValue": "Valor final",
				"Heading": "Bucle",
				"IncludeLastValue": "Incluir el último valor",
				"LoopCounterValueParameterName": "Nombre del parámetro del valor del contador de bucle",
				"LoopName": "Nombre del bucle",
				"LoopStateParameterName": "Nombre del parámetro de estado de bucle",
				"Name": "Nombre",
				"RangeSeparator": "A",
				"Reverse": "Inverso",
				"StartDate": "Fecha de inicio",
				"StartValue": "Valor inicial",
				"State": "Estado",
				"Step": "Paso",
				"StepType": "Tipo de paso"
			},
			"StartLoopForeach": {
				"Heading": "Bucle",
				"LoopCounterValueParameterName": "Nombre del parámetro del valor del contador de bucle",
				"LoopName": "Nombre del bucle",
				"LoopStateParameterName": "Nombre del parámetro de estado de bucle",
				"Name": "Nombre",
				"Reverse": "Inverso",
				"State": "Estado",
				"Values": "Valor",
				"ValuesError": "None el valor no puede estar vacío."
			}
		},
		"DateShouldBeInISOFormat": "El parámetro de fecha/hora debe estar en formato ISO8601",
		"IncorrectForm": "El formulario contiene más de un elemento y al menos un elemento no tiene nombre. Especifique el nombre de cada elemento.",
		"InvalidJson": "El objeto JSON no es válido o no coincide con el modelo",
		"NumberRequired": "Debe ser un valor numérico",
		"SwitchToConstructor": "Cambiar al editor de valores de parámetros",
		"SwitchToJson": "Cambiar al editor JSON",
		"Title": "Editar valores de parámetros"
	},
	"ElementToolbar": {
		"Clone": "Clon",
		"Color": "Color",
		"Delete": "Eliminar",
		"ShowProperties": "Mostrar propiedades"
	},
	"Elements": {
		"Activities": "Actividad",
		"BasicActivity": "Actividad Básica",
		"BasicActivityDesc": "Determina un estado y el orden en el que se ejecutan las acciones en su proceso.",
		"Comment": {
			"Alignment": "Alineacion",
			"CommentText": "Texto de comentario",
			"Description": "Haga un comentario en el esquema",
			"FontSize": "Tamaño de fuente",
			"Name": "Nombre",
			"TextFormatting": "Formato de texto",
			"Title": "Comentario"
		},
		"FinalActivity": "Actividad Final",
		"FinalActivityDesc": "Es un estado final.",
		"Header": "Elemento",
		"InitialActivity": "Actividad Inicial",
		"InitialActivityDesc": "Es un estado inicial.",
		"InlineHeader": "En Línea",
		"PluginRequired": "Plugin requerido:",
		"SetLoopState": {
			"Description": "La acción para establecer el estado del bucle",
			"Title": "Establecer estado de bucle"
		},
		"Templates": "Plantilla"
	},
	"ErrorActivityIsFinalCountText": "Este esquema está en línea. Uno o más elementos deben estar marcados con la bandera Final",
	"ErrorActivityIsInitialCountText": "Un elemento debe estar marcado con la bandera Inicial",
	"ErrorInBrowserConsole": "Consulte más información en la consola del navegador.",
	"ErrorInvalidObjectsSaveText": "No se puede guardar el esquema. Esos objetos están en estado no válido",
	"ErrorReadOnlySaveText": "El diseñador en modo de solo lectura, no se puede guardar.",
	"EscapeConfirm": "Hay cambios no guardados. ¿Quieres guardar el esquema?",
	"FieldIsNotCorrected": "El campo no está corregido!",
	"FieldIsRequired": "Este campo es obligatorio.",
	"FieldMustBeUnique": "El campo debe ser único!",
	"FieldMustContainAt": "El campo debe contener @",
	"InfoBlockLabel": {
		"Activity": "Actividad: ",
		"Command": "Comando: ",
		"Transition": "Transiciones: "
	},
	"LibraryLabel": {
		"PluginRequired": "Plugin requerido:"
	},
	"LocalizationFormLabel": {
		"Culture": "Cultura",
		"IsDefault": "IsDefault",
		"ObjectName": "ObjectName",
		"ShowPredefined": "Mostrar predefinido",
		"Title": "Localización",
		"Type": "Tipo",
		"Types": {
			"Action": "Acto",
			"Command": "Comando",
			"Comment": "Comentario",
			"Condition": "Condición",
			"Parameter": "Parámetro",
			"Scheme": "Esquema",
			"State": "Estado"
		},
		"Value": "Valor"
	},
	"Logs": {
		"AutoRefresh": "Actualización automática",
		"Description": "Este parámetro es el valor predeterminado para los procesos de registro basados en este esquema",
		"Empty": "Vaciar",
		"Exception": "Salvedad",
		"ExceptionInfo": "Excepción info",
		"HideDetails": "Ocultar detalles",
		"Label": "Registro",
		"Message": "Mensaje",
		"ParamName": "LogEnabled",
		"Refresh": "Actualizar",
		"Show": "Mostrar",
		"ShowDetails": "Mostrar detalles",
		"Timestamp": "Marca de tiempo"
	},
	"None": "Ninguno",
	"ParameterFormLabel": {
		"InitialValue": "Valor inicial",
		"Name": "Nombre",
		"Purpose": "Propósito",
		"ShowSystemParameters": "Mostrar los parámetros del sistema",
		"Title": "Parámetros",
		"Type": "Tipo",
		"Value": "Valor"
	},
	"ProcessInfoFormLabel": {
		"DefiningParameters": "Definición de parámetros",
		"GeneralTabLabel": "General",
		"HistoryTabActorIdLabel": "Id de Actor",
		"HistoryTabActorLabel": "Actor",
		"HistoryTabDurationLabel": "Duración (ms)",
		"HistoryTabExecutorIdLabel": "Id del Ejecutor",
		"HistoryTabExecutorLabel": "Ejecutor",
		"HistoryTabFromLabel": "De",
		"HistoryTabFromStateLabel": "Del Estado",
		"HistoryTabName": "Historia",
		"HistoryTabStartTimeLabel": "Hora de Inicio",
		"HistoryTabTimeLabel": "Tiempo",
		"HistoryTabToLabel": "A",
		"HistoryTabToStateLabel": "Al Estado",
		"HistoryTabTransitionClassifierNameLabel": "Clasificador",
		"HistoryTabTriggerNameLabel": "Nombre del Disparador",
		"IsObsolete": "IsObsoleta",
		"ParametersNameLabel": "Nombre",
		"ParametersValueLabel": "Valor",
		"ProcessIdLabel": "Id de Proceso",
		"ProcessParameters": "Parámetros de proceso",
		"ProcessParametersTabName": "Parámetros de Proceso",
		"RootProcess": "Proceso de Raíz",
		"SystemParametersTabName": "Parámetros del Sistema",
		"TagsInputPlaceholder": "Empieza a introducir un nombre para añadir una etiqueta",
		"TagsLabel": "Tags",
		"TagsTabName": "Tags",
		"TimersTabName": "Temporizador",
		"TimersTabNameLabel": "Nombre",
		"TimersTabValueLabel": "Valor",
		"Title": "Información del Proceso"
	},
	"ReadMore": "Leer más.",
	"SaveConfirm": "¿Guardar cambios?",
	"SchemeNotSaved": "Esquema no guardado",
	"SchemeSaved": "Esquema guardado",
	"SwitchToDefaultMode": "Cambiar Al Modo Predeterminado",
	"SwitchToExpertMode": "Cambiar Al Modo Experto",
	"TimerFormLabel": {
		"Name": "Nombre",
		"Override": "Anular",
		"OverrideHint": "Anular temporizador si existe",
		"Title": "Temporizador",
		"Type": "Tipo",
		"Value": "Valor"
	},
	"ToolbarLabel": {
		"ActivitiesCount": "Recuento / Límite de actividades",
		"Actors": "Actor",
		"AdditionalParameters": "Parámetros Adicionales",
		"Assignments": "Asignaciones",
		"AutoArrangement": "Arreglo automático",
		"Clear": "Claro",
		"Clone": "Clon",
		"CodeActions": "Acciones de código",
		"Commands": "Comando",
		"CommandsCount": "Recuento / Límite de comandos",
		"CopySelected": "Copiar seleccionado",
		"CreateActivity": "Crear actividad",
		"CreateActivityTransition": "Crear una actividad y una transición",
		"CreateInline": "Crear en línea (plantilla)",
		"CreateTransition": "Crear una transición",
		"Delete": "Eliminar",
		"Download": "Descargar",
		"DownloadBPMN": "Descargar como BPMN",
		"DownloadScheme": "Descargar esquema",
		"DownloadXML": "Descargar como XML",
		"Elements": "Elemento",
		"File": "File",
		"FitToScreen": "Ajuste a la pantalla",
		"FullScreen": "Pantalla Completa",
		"ImageQuality": "Calidad (relación de aspecto de píxeles):",
		"Info": "Información ampliada",
		"Inline": "El esquema puede estar en línea",
		"Language": "Idioma",
		"Legend": "Leyenda",
		"Library": "Biblioteca",
		"Localization": "Localización",
		"Menu": "Menu",
		"Move": "Mover",
		"Parameters": "Parámetros",
		"ProcessInfo": "Información del Proceso",
		"Redo": "Rehacer",
		"Refresh": "Actualizar",
		"ResetSettings": "Restablecer la configuración",
		"ResetZoom": "Restablecer zoom",
		"Save": "Guardar",
		"SaveToImage": "Guardar en imagen",
		"Scheme": "Esquema",
		"Settings": "Configuración",
		"ShowGrid": "Mostrar cuadrícula",
		"Timers": "Temporizador",
		"TransitionsCount": "Recuento / Límite de transiciones",
		"Undo": "Deshacer",
		"Upload": "Subir",
		"UploadBPMN": "Cargar BPMN",
		"UploadScheme": "Esquema de carga",
		"UploadXML": "Cargar XML",
		"View": "Vista",
		"ZoomIn": "acercar",
		"ZoomOut": "Alejar el Zoom",
		"ZoomPositionDefault": "Zoom por defecto",
		"ZoomTo100": "Ajuste el zoom a 100%"
	},
	"TransitionAuto": "Auto",
	"TransitionFormLabel": {
		"ActionLabel": "Acto",
		"Allow": "Permitir",
		"AllowConcatenationType": "Concat permitir como",
		"AlwaysConditionShouldBeSingle": "Siempre la condición debe ser única",
		"AlwaysLabel": "Siempre",
		"AnnotationName": "Nombre",
		"AnnotationValue": "Valor",
		"Annotations": "Anotaciones",
		"Classifier": "Clasificador",
		"ClassifierValues": {
			"Direct": "Directo",
			"NotSpecified": "Sin especificar",
			"Reverse": "Inverso"
		},
		"Condition": "Condición",
		"ConditionAction": "Acto",
		"ConditionActionParameter": "Parámetro de acción",
		"ConditionExpression": "Expresion",
		"ConditionInversion": "Invertir resultado",
		"ConditionType": "Tipo",
		"ConditionalLabel": "Condicional",
		"ConditionsConcatenationType": "Condiciones tipo de concatenación",
		"ConditionsListShouldNotBeEmpty": "La lista de condiciones no debe estar vacía",
		"DisableParentStateControl": "Deshabilitar el control de procesos principal",
		"ExpressionLabel": "Expresion",
		"From": "De la actividad",
		"HideConcatParameters": "Ocultar concatenación",
		"InlinedFinalActivityName": "Nombre De Actividad Final En Línea",
		"IsFork": "Bifurcación IS (proceso paralelo)",
		"MergeViaSetState": "Fusionar subprocesos a través de establecer estado",
		"Name": "Nombre",
		"OtherwiseConditionShouldBeSingle": "De lo contrario, la condición debe ser única",
		"OtherwiseLabel": "De lo contrario",
		"Restrict": "Restringir",
		"RestrictConcatenationType": "Concatenar como",
		"Restrictions": "Restricción",
		"RestrictionsActor": "Actor",
		"RestrictionsType": "Tipo",
		"ResultOnPreExecution": "PreExec. Resultado",
		"ShowConcatParameters": "Mostrar concatenación",
		"Subprocess": "Subproceso",
		"SubprocessAuto": "Auto",
		"SubprocessFinalize": "Finalizar",
		"SubprocessFinalizeParameterMergeStrategy": "Estrategia de fusión de parámetros",
		"SubprocessFinalizeParameterMergeStrategyDontOverwriteSpecified": "No sobrescribir especificado",
		"SubprocessFinalizeParameterMergeStrategyOverwriteAll": "Sobrescribir todo",
		"SubprocessFinalizeParameterMergeStrategyOverwriteAllNulls": "Sobrescribir todos los valores nulos",
		"SubprocessFinalizeParameterMergeStrategyOverwriteSpecified": "Sobrescribir especificado",
		"SubprocessFinalizeSettings": "Finalizar la configuración del subproceso",
		"SubprocessId": "ID de subproceso",
		"SubprocessIdPlaceholder": "GUID Autogenerados",
		"SubprocessName": "Nombre del subproceso",
		"SubprocessNamePlaceholder": "Igual que el nombre de transición",
		"SubprocessNone": "Ninguno",
		"SubprocessSpecifiedParameters": "Parámetros especificados",
		"SubprocessStart": "Empezar",
		"SubprocessStartSettings": "Configuración de inicio de subproceso",
		"SubprocessStartupParameterCopyStrategy": "Parámetros estrategia de copia",
		"SubprocessStartupParameterCopyStrategyCopyAll": "Copiar todo",
		"SubprocessStartupParameterCopyStrategyCopySpecified": "Copia especificada",
		"SubprocessStartupParameterCopyStrategyIgnoreAll": "Ignorar todo",
		"SubprocessStartupParameterCopyStrategyIgnoreSpecified": "Ignorar especificado",
		"SubprocessStartupType": "Tipo de inicio de subproceso",
		"SubprocessStartupTypeAnotherThread": "Otro hilo",
		"SubprocessStartupTypeSameThread": "El mismo hilo",
		"SubprocessStartupTypeTimerQueue": "Cola de temporizador",
		"Title": "Transición",
		"To": "A la actividad",
		"Trigger": "Desencadenar",
		"TriggerAuto": "Auto",
		"TriggerCommand": "Comando",
		"TriggerTimer": "Temporizador",
		"TriggerType": "Tipo",
		"UserComment": "Comentario"
	},
	"Warning": "Advertencia"
}