{
	"LangInfo": {
		"code": "fr",
		"dialect": "FR",
		"name": "Français",
		"description": "French (Standard)"
	},
	"ActivityFormLabel": {
		"ActivityLabel": "Activité",
		"AllExceptions": "*",
		"AnnotationName": "Nom",
		"AnnotationValue": "Valeur",
		"Annotations": "Annotation",
		"DisablePersist": "Désactiver la persistance",
		"DisablePersists": {
			"DisablePersistParameters": "Désactiver les paramètres de processus persistants",
			"DisablePersistState": "Désactiver l'état persistant du processus",
			"DisablePersistTransitionHistory": "Désactiver l'historique persistant des transitions"
		},
		"Exceptions": "Exception",
		"ExceptionsHandling": "Gestion des exceptions",
		"ExecutionTimeoutLabel": "Délai d'exécution",
		"ExecutionTimeoutWarning": "Le délai d'exécution ne fonctionne qu'avec les actions asynchrones. Vérifiez le jeton d'annulation pour une gestion appropriée du délai d'expiration.",
		"IdleTimeoutLabel": "Délai d'inactivité",
		"IgnoreLabel": "Ignorer",
		"ImpAction": "Action",
		"ImpActionParameter": "Paramètre d'action",
		"ImpOrder": "Ordre",
		"Implementation": "Application",
		"IsAutoSchemeUpdate": "Mise à jour automatique du schéma",
		"IsFinal": "Final",
		"IsForSetState": "Pour l'état défini",
		"IsInitial": "Initial",
		"Name": "Nom",
		"PreExecutionImplementation": "Mise en Œuvre de la Pré-Exécution",
		"RetryCountLabel": "Nombre de nouvelles tentatives",
		"RetryLabel": "Réessayer",
		"Scheme": "Schéma en ligne",
		"SetActivityLabel": "SetActivity",
		"SetStateLabel": "setState",
		"State": "État",
		"StateLabel": "État",
		"TimeoutsLabel": "Timeouts",
		"Title": "Activité",
		"TitleForInline": "Activité En Ligne",
		"TypeLabel": "Type",
		"UserComment": "Commentaire"
	},
	"ActivityNamePrefix": "Activité",
	"ActivityToolbar": {
		"CreateActivity": "Créer une activité",
		"CreateTransition": "Créer une transition",
		"CreateTransitionAndActivity": "Créer une transition et une activité"
	},
	"ActorFormLabel": {
		"Name": "Nom",
		"Rule": "Règle",
		"ShowPredefinedActors": "Afficher les acteurs prédéfinis",
		"Title": "Acteur",
		"Value": "Valeur"
	},
	"AlertTitle": "Avertissement",
	"AssignmentFormLabel": {
		"AssignmentDeleted": "Affectation supprimée",
		"Code": "Code",
		"DateCreation": "Date de création",
		"DateFinish": "Date de fin",
		"DateStart": "Date de début",
		"DeadlineToFinish": "Date limite pour terminer",
		"DeadlineToStart": "Date limite pour commencer",
		"Description": "Description",
		"Executor": "Exécuteur",
		"ExecutorId": "Id de l'Exécuteur Testamentaire",
		"Name": "Nom",
		"ObserverId": "Identifiant de l'Observateur",
		"Observers": "Observateur",
		"ProhibitedForExecution": "Interdit d'exécution",
		"Status": "Statut",
		"Tags": "Balise",
		"Title": "Affectation",
		"TypeSomething": "Tapez quelque chose"
	},
	"BrokenReferencesDialogText": "Ce schéma contient des références à des ÉLÉMENTS qui ne sont pas définis par ce schéma ou par les fournisseurs d'actions actuels. Tu veux les garder?",
	"ButtonTextCancel": "Annuler",
	"ButtonTextClose": "Proche",
	"ButtonTextCreate": "Créer",
	"ButtonTextDelete": "Supprimer",
	"ButtonTextNo": "Aucun",
	"ButtonTextOk": "OK",
	"ButtonTextRedo": "Refaire",
	"ButtonTextSave": "Enregistrer",
	"ButtonTextUndo": "Annuler",
	"ButtonTextYes": "Oui",
	"CloseWithoutSaving": "Fermer sans enregistrer?",
	"CodeActionsFormLabel": {
		"ActionCode": "Code d'action",
		"Checkbox": "Case",
		"CommonUsings": "Usages Communs",
		"CustomTypeHint": "Pour utiliser un type personnalisé, ajoutez son nom ici et ajoutez son implémentation au modèle jsonform.",
		"Date": "Date",
		"DateTime": "Date et heure",
		"DefaultValue": "Valeur par défaut",
		"Dropdown": "Déroulante",
		"DropdownName": "Nom",
		"DropdownShouldContainValues": "La liste déroulante doit contenir des valeurs",
		"DropdownValue": "Valeur",
		"EditParameters": "Modifier les paramètres",
		"GlobalDeleteMessage": "Si vous avez supprimé l'action de code globale- <br/> < b>les autres schémas ne pourront pas l'appeler!< / b>",
		"IsAsync": "Asynchrone",
		"IsGlobal": "Est mondiale",
		"IsRequired": "Requis",
		"Json": "Json",
		"MultiSelect": "Sélection multiple",
		"Name": "Nom",
		"Number": "Nombre",
		"Parameters": "Paramètre",
		"Text": "Texte",
		"TextArea": "Zone de texte",
		"Time": "Temps",
		"Title": "Actions de code",
		"TitleField": "Intitulé",
		"Type": "Type",
		"UnGlobalMessage": "Vous avez changé l'état du drapeau global.<br / >Il sera créé une action de code locale basée sur cette action de code globale après avoir enregistré ce schéma.",
		"Values": "Valeur"
	},
	"CommandFormLabel": {
		"Name": "Nom",
		"Title": "Commande"
	},
	"CommandParametersFormLabel": {
		"InputParametersDefaultValue": "Défaut",
		"InputParametersIsRequired": "Requis",
		"InputParametersName": "Nom",
		"InputParametersParameter": "Paramètre",
		"Title": "paramètres de commande"
	},
	"Decision": {
		"ActionLabel": "Action",
		"Annotations": "Annotation",
		"Condition": "Condition",
		"ConditionAction": "Action",
		"ConditionActionParameter": "Paramètre d'action",
		"ConditionInversion": "Inverser le résultat",
		"ConditionType": "Type",
		"ExpressionLabel": "Expression",
		"Implementation": "Application",
		"IsAutoSchemeUpdate": "Mise à jour automatique du schéma",
		"IsFinal": "Final",
		"IsForSetState": "Pour l'état défini",
		"IsInitial": "Initial",
		"Name": "Nom",
		"PreExecutionImplementation": "Mise en Œuvre de la Pré-Exécution",
		"ResultOnPreExecution": "PréExec. Résultat",
		"Scheme": "Schéma en ligne",
		"State": "État",
		"Title": "Décision",
		"TitleForInline": "Décision En Ligne",
		"To": "À l'activité",
		"Transition": "Transitions vers les activités",
		"UserComment": "Commentaire",
		"WhenFalse": "Quand Faux",
		"WhenTrue": "Quand C'Est Vrai"
	},
	"DecisionTable": {
		"ActionLabel": "Action",
		"Annotations": "Annotation",
		"Condition": "Condition",
		"ConditionAction": "Action",
		"ConditionActionParameter": "Paramètre d'action",
		"ConditionInversion": "Inverser le résultat",
		"ConditionType": "Type",
		"ExpressionLabel": "Expression",
		"Implementation": "Application",
		"IsAutoSchemeUpdate": "Mise à jour automatique du schéma",
		"IsFinal": "Final",
		"IsForSetState": "Pour l'état défini",
		"IsInitial": "Initial",
		"Name": "Nom",
		"Parameters": "Paramètre",
		"PreExecutionImplementation": "Mise en Œuvre de la Pré-Exécution",
		"ResultOnPreExecution": "PréExec. Résultat",
		"Scheme": "Schéma en ligne",
		"State": "État",
		"Title": "Tableau des décisions",
		"TitleForInline": "Tableau de décision en ligne",
		"To": "À l'activité",
		"Transition": "Transitions vers les activités",
		"UserComment": "Commentaire"
	},
	"DeleteConfirm": "Êtes-vous sûr de vouloir supprimer le(s) élément (s) sélectionné (s)?",
	"DeleteConfirmCurrent": "Êtes-vous sûr de vouloir supprimer cet élément?",
	"DialogConfirmText": "Question",
	"DropdownValues": {
		"Dropdown": "Déroulante",
		"Name": "Nom",
		"Value": "Valeur",
		"Values": "valeur"
	},
	"EditCodeLabel": {
		"Compile": "Compiler",
		"CompileSucceeded": "La compilation a réussi.",
		"EditCodeButton": "Modifier le code",
		"Error": "Erreur",
		"HideUsings": "Masquer les utilisations",
		"OK": "OK",
		"ShowUsings": "Montrer les utilisations",
		"Success": "Succès",
		"Title": "Modifier le code",
		"Usings": "Usages"
	},
	"EditExpressionLabel": {
		"Error": "Erreur",
		"OK": "OK",
		"Succeeded": "L'expression est valide.",
		"Success": "Succès",
		"Title": "Modifier l'expression",
		"Validate": "Valider"
	},
	"EditJSONLabel": {
		"CreateEmptyType": "Créer",
		"Format": "Format",
		"Title": "Modifier la valeur en JSON"
	},
	"EditParametersFormlabel": {
		"CustomForms": {
			"AssignmentChange": {
				"AllExecutors": "Tout",
				"Change": "Changement",
				"Code": "Code",
				"DeadlineToComplete": "Date limite pour compléter",
				"DeadlineToStart": "Date limite pour commencer",
				"Heading": "Affectation",
				"IsActive": "Est actif",
				"Name": "Nom",
				"NewExecutor": "Nouvel exécuteur testamentaire",
				"NewTag": "Nouvelle Balise",
				"Observers": "Observateur",
				"OldExecutor": "Ancien exécuteur testamentaire",
				"ReplacementExecutors": "Remplacement des exécuteurs testamentaires",
				"State": "État",
				"Status": "Statut",
				"StatusState": "État d'état",
				"Tags": "Balise"
			},
			"AssignmentCreate": {
				"Code": "Code",
				"DeadlineToComplete": "Date limite pour compléter",
				"DeadlineToStart": "Date limite pour commencer",
				"Description": "Description",
				"Executors": "Exécuteur",
				"Heading": "Affectation",
				"IsActive": "Est actif",
				"Name": "Nom",
				"NewTag": "Nouvelle Balise",
				"Observers": "Observateur",
				"State": "État",
				"Tags": "Balise"
			},
			"AssignmentsHaveStatus": {
				"Assignments": "Affectation",
				"Code": "Code",
				"Condition": "Condition",
				"IncludeInactive": "Inclure les inactifs",
				"Name": "Nom",
				"State": "État",
				"StatusState": "État d'état"
			},
			"CreateProcess": {
				"Heading": "Paramètres principaux",
				"Name": "Nom",
				"ParameterName": "Nom",
				"ParameterPurpose": "But",
				"ParameterValue": "Valeur",
				"ProcessCreationParameters": "Paramètres de création de processus",
				"ProcessId": "Id de processus",
				"Scheme": "Régime",
				"State": "État"
			},
			"HTTPRequest": {
				"AddProcessInstanceParameters": "Ajouter des paramètres d'instance de processus",
				"ContentType": "Type de contenu",
				"Headers": "Tête",
				"Heading": "Demande",
				"Name": "Nom",
				"ParameterName": "Nom du paramètre",
				"ParameterPurpose": "Objectif du paramètre",
				"Parameters": "Paramètre",
				"Password": "Mot de Passe",
				"Post": "Post",
				"State": "État",
				"StoreResponse": "Réponse du magasin",
				"Url": "URL",
				"UseAuth": "Utiliser l'authentification",
				"Username": "Utilisateur"
			},
			"SendEmail": {
				"BccList": "Liste d'adresses BCC",
				"Body": "Corps",
				"CcList": "Liste d'adresses CC",
				"Heading": "Forme",
				"IsHTML": "IsHTML",
				"MailServer": "Serveur de messagerie",
				"MailServerFrom": "Serveur de messagerie à partir de",
				"MailServerLogin": "Connexion au serveur de messagerie",
				"MailServerPass": "Laissez-passer du serveur de messagerie",
				"MailServerPort": "Port du serveur de messagerie",
				"MailServerSsl": "Serveurs de messagerie",
				"Name": "Nom",
				"ReplyToList": "Répondre à la liste d'adresses",
				"State": "État",
				"Subject": "Sujet",
				"To": "De",
				"UseAuth": "Utiliser l'authentification"
			},
			"SetLoopState": {
				"LoopName": "Nom de la boucle",
				"LoopState": "État de boucle",
				"Name": "Nom",
				"State": "État"
			},
			"StartLoopFor": {
				"CounterType": "Type de compteur",
				"DateRange": "Plage de dates",
				"EndDate": "Date de fin",
				"EndValue": "Valeur finale",
				"Heading": "Boucle",
				"IncludeLastValue": "Inclure la dernière valeur",
				"LoopCounterValueParameterName": "Valeur du compteur de boucle nom du paramètre",
				"LoopName": "Nom de la boucle",
				"LoopStateParameterName": "Nom du paramètre d'état de boucle",
				"Name": "Nom",
				"RangeSeparator": "De",
				"Reverse": "Inverser",
				"StartDate": "Date de début",
				"StartValue": "Valeur de départ",
				"State": "État",
				"Step": "Étape",
				"StepType": "Type d'étape"
			},
			"StartLoopForeach": {
				"Heading": "Boucle",
				"LoopCounterValueParameterName": "Valeur du compteur de boucle nom du paramètre",
				"LoopName": "Nom de la boucle",
				"LoopStateParameterName": "Nom du paramètre d'état de boucle",
				"Name": "Nom",
				"Reverse": "Inverser",
				"State": "État",
				"Values": "Valeur",
				"ValuesError": "Aucune valeur ne peut être vide!"
			}
		},
		"DateShouldBeInISOFormat": "Le paramètre Date / heure doit être au format ISO8601",
		"IncorrectForm": "Votre formulaire contient plus d'un élément et au moins un élément n'a pas de nom. Veuillez spécifier le nom de chaque élément.",
		"InvalidJson": "L'objet JSON n'est pas valide ou ne correspond pas au modèle",
		"NumberRequired": "Doit être une valeur numérique",
		"SwitchToConstructor": "Basculer vers l'éditeur de valeurs de paramètres",
		"SwitchToJson": "Passer à l'éditeur JSON",
		"Title": "Modifier les valeurs des paramètres"
	},
	"ElementToolbar": {
		"Clone": "Clone",
		"Color": "Couleur",
		"Delete": "Supprimer",
		"ShowProperties": "Afficher les propriétés"
	},
	"Elements": {
		"Activities": "Activité",
		"BasicActivity": "Activité de Base",
		"BasicActivityDesc": "Il détermine un état et l'ordre dans lequel les actions sont exécutées dans votre processus.",
		"Comment": {
			"Alignment": "Alignement",
			"CommentText": "Texte du commentaire",
			"Description": "Ajouter un commentaire sur le schéma",
			"FontSize": "Taille de la police",
			"Name": "Nom",
			"TextFormatting": "Mise en forme du texte",
			"Title": "Commentaire"
		},
		"FinalActivity": "Activité Finale",
		"FinalActivityDesc": "C'est un état final.",
		"Header": "Élément",
		"InitialActivity": "Activité Initiale",
		"InitialActivityDesc": "C'est un état initial.",
		"InlineHeader": "En Ligne",
		"PluginRequired": "Plugin requis:",
		"SetLoopState": {
			"Description": "L'action pour définir l'état de la boucle",
			"Title": "Définir l'état de la boucle"
		},
		"Templates": "Modèle"
	},
	"ErrorActivityIsFinalCountText": "Ce schéma est intégré. Un ou plusieurs éléments doivent être marqués drapeau Final",
	"ErrorActivityIsInitialCountText": "Un élément doit être marqué drapeau Initial",
	"ErrorInBrowserConsole": "Voir plus d'informations dans la console du navigateur.",
	"ErrorInvalidObjectsSaveText": "Impossible d'enregistrer le schéma. Ces objets sont dans un état invalide",
	"ErrorReadOnlySaveText": "Le concepteur en mode lecture seule, vous ne pouvez pas l'enregistrer.",
	"EscapeConfirm": "Il y a des modifications non enregistrées. Voulez-vous enregistrer le schéma?",
	"FieldIsNotCorrected": "Le champ n'est pas corrigé!",
	"FieldIsRequired": "Le champ est obligatoire!",
	"FieldMustBeUnique": "Le champ doit être unique!",
	"FieldMustContainAt": "Le champ doit contenir @",
	"InfoBlockLabel": {
		"Activity": "Activité: ",
		"Command": "Commande: ",
		"Transition": "Transition: "
	},
	"LibraryLabel": {
		"PluginRequired": "Plugin requis:"
	},
	"LocalizationFormLabel": {
		"Culture": "Culture",
		"IsDefault": "IsDefault",
		"ObjectName": "Nom de l'objet",
		"ShowPredefined": "Afficher prédéfini",
		"Title": "Localisation",
		"Type": "Type",
		"Types": {
			"Action": "Action",
			"Command": "Commande",
			"Comment": "Commentaire",
			"Condition": "Condition",
			"Parameter": "Paramètre",
			"Scheme": "Régime",
			"State": "État"
		},
		"Value": "Valeur"
	},
	"Logs": {
		"AutoRefresh": "Rafraîchissement automatique",
		"Description": "Ce paramètre est la valeur par défaut pour les processus de journalisation basés sur ce schéma",
		"Empty": "Vide",
		"Exception": "Exception",
		"ExceptionInfo": "Informations sur l'exception",
		"HideDetails": "Masquer les détails",
		"Label": "Journal",
		"Message": "Message",
		"ParamName": "Connexion activée",
		"Refresh": "Rafraîchir",
		"Show": "Montrer",
		"ShowDetails": "Afficher les détails",
		"Timestamp": "Timestamp"
	},
	"None": "Aucun",
	"ParameterFormLabel": {
		"InitialValue": "Valeur initiale",
		"Name": "Nom",
		"Purpose": "But",
		"ShowSystemParameters": "Afficher les paramètres du système",
		"Title": "Paramètre",
		"Type": "Type",
		"Value": "Valeur"
	},
	"ProcessInfoFormLabel": {
		"DefiningParameters": "Définition des paramètres",
		"GeneralTabLabel": "Général",
		"HistoryTabActorIdLabel": "Id de L'Acteur",
		"HistoryTabActorLabel": "Acteur",
		"HistoryTabDurationLabel": "Durée (ms)",
		"HistoryTabExecutorIdLabel": "Id de l'Exécuteur Testamentaire",
		"HistoryTabExecutorLabel": "Exécuteur",
		"HistoryTabFromLabel": "De",
		"HistoryTabFromStateLabel": "De l'État",
		"HistoryTabName": "Histoire",
		"HistoryTabStartTimeLabel": "Heure de Début",
		"HistoryTabTimeLabel": "Temps",
		"HistoryTabToLabel": "De",
		"HistoryTabToStateLabel": "À l'État",
		"HistoryTabTransitionClassifierNameLabel": "Classificateur",
		"HistoryTabTriggerNameLabel": "Nom du Déclencheur",
		"IsObsolete": "IsObsolète",
		"ParametersNameLabel": "Nom",
		"ParametersValueLabel": "Valeur",
		"ProcessIdLabel": "Id de Processus",
		"ProcessParameters": "Paramètres de processus",
		"ProcessParametersTabName": "Paramètres de Processus",
		"RootProcess": "Processus Racine",
		"SystemParametersTabName": "Paramètres du Système",
		"TagsInputPlaceholder": "Commencez à saisir un nom pour ajouter une balise",
		"TagsLabel": "Balise",
		"TagsTabName": "Balise",
		"TimersTabName": "Minuterie",
		"TimersTabNameLabel": "Nom",
		"TimersTabValueLabel": "Valeur",
		"Title": "Informations sur le Processus"
	},
	"ReadMore": "Lire la suite.",
	"SaveConfirm": "Enregistrer les modifications?",
	"SchemeNotSaved": "Schéma non enregistré",
	"SchemeSaved": "Schéma sauvegardé",
	"SwitchToDefaultMode": "Passer En Mode Par Défaut",
	"SwitchToExpertMode": "Passer En Mode Expert",
	"TimerFormLabel": {
		"Name": "Nom",
		"Override": "Remplacer",
		"OverrideHint": "Remplacer le minuteur s'il existe",
		"Title": "Minuterie",
		"Type": "Type",
		"Value": "Valeur"
	},
	"ToolbarLabel": {
		"ActivitiesCount": "Nombre / Limite d'activités",
		"Actors": "Acteur",
		"AdditionalParameters": "Paramètres Supplémentaires",
		"Assignments": "Affectation",
		"AutoArrangement": "Arrangement automatique",
		"Clear": "Clair",
		"Clone": "Clone",
		"CodeActions": "Actions de code",
		"Commands": "Commande",
		"CommandsCount": "Nombre de commandes / Limite",
		"CopySelected": "Copier la sélection",
		"CreateActivity": "Créer une activité",
		"CreateActivityTransition": "Créer une activité et une transition",
		"CreateInline": "Créer en ligne (modèle)",
		"CreateTransition": "Créer une transition",
		"Delete": "Supprimer",
		"Download": "Télécharger",
		"DownloadBPMN": "Télécharger comme BPMN",
		"DownloadScheme": "Télécharger le schéma",
		"DownloadXML": "Télécharger au format XML",
		"Elements": "Élément",
		"File": "Fichier",
		"FitToScreen": "Ajustement à l'écran",
		"FullScreen": "Plein Écran",
		"ImageQuality": "Qualité (rapport hauteur / largeur en pixels):",
		"Info": "Informations étendues",
		"Inline": "Le schéma peut être intégré",
		"Language": "Langue",
		"Legend": "Légende",
		"Library": "Bibliothèque",
		"Localization": "Localisation",
		"Menu": "Menu",
		"Move": "Déplacer",
		"Parameters": "Paramètre",
		"ProcessInfo": "Informations sur le Processus",
		"Redo": "Refaire",
		"Refresh": "Rafraîchir",
		"ResetSettings": "Réinitialiser les paramètres",
		"ResetZoom": "Réinitialiser le zoom",
		"Save": "Enregistrer",
		"SaveToImage": "Enregistrer dans l'image",
		"Scheme": "Régime",
		"Settings": "Paramètre",
		"ShowGrid": "Afficher la grille",
		"Timers": "Minuterie",
		"TransitionsCount": "Nombre / Limite de transitions",
		"Undo": "Annuler",
		"Upload": "Télécharger",
		"UploadBPMN": "Télécharger BPMN",
		"UploadScheme": "Schéma de téléchargement",
		"UploadXML": "Télécharger XML",
		"View": "Vue",
		"ZoomIn": "zoomer",
		"ZoomOut": "Zoom Arrière",
		"ZoomPositionDefault": "Zoom par défaut",
		"ZoomTo100": "Régler le zoom sur 100%"
	},
	"TransitionAuto": "Auto",
	"TransitionFormLabel": {
		"ActionLabel": "Action",
		"Allow": "Permettre",
		"AllowConcatenationType": "Concaténer comme",
		"AlwaysConditionShouldBeSingle": "La condition doit toujours être unique",
		"AlwaysLabel": "Toujours",
		"AnnotationName": "Nom",
		"AnnotationValue": "Valeur",
		"Annotations": "Annotation",
		"Classifier": "Classificateur",
		"ClassifierValues": {
			"Direct": "Direct",
			"NotSpecified": "Non spécifié",
			"Reverse": "Inverser"
		},
		"Condition": "Condition",
		"ConditionAction": "Action",
		"ConditionActionParameter": "Paramètre d'action",
		"ConditionExpression": "Expression",
		"ConditionInversion": "Inverser le résultat",
		"ConditionType": "Type",
		"ConditionalLabel": "Conditionnel",
		"ConditionsConcatenationType": "Type de concaténation des conditions",
		"ConditionsListShouldNotBeEmpty": "La liste des conditions ne doit pas être vide",
		"DisableParentStateControl": "Désactiver le contrôle de processus parent",
		"ExpressionLabel": "Expression",
		"From": "De l'activité",
		"HideConcatParameters": "Masquer la concaténation",
		"InlinedFinalActivityName": "Nom de L'Activité Finale En Ligne",
		"IsFork": "Est fork (processus parallèle)",
		"MergeViaSetState": "Fusionner un sous-processus via l'état défini",
		"Name": "Nom",
		"OtherwiseConditionShouldBeSingle": "Sinon, la condition devrait être unique",
		"OtherwiseLabel": "Autrement",
		"Restrict": "Restreindre",
		"RestrictConcatenationType": "Concaténer comme",
		"Restrictions": "Restriction",
		"RestrictionsActor": "Acteur",
		"RestrictionsType": "Type",
		"ResultOnPreExecution": "PréExec. Résultat",
		"ShowConcatParameters": "Afficher la concaténation",
		"Subprocess": "Sous-Processus",
		"SubprocessAuto": "Auto",
		"SubprocessFinalize": "Finaliser",
		"SubprocessFinalizeParameterMergeStrategy": "Stratégie de fusion des paramètres",
		"SubprocessFinalizeParameterMergeStrategyDontOverwriteSpecified": "Ne pas écraser spécifié",
		"SubprocessFinalizeParameterMergeStrategyOverwriteAll": "Écraser tout",
		"SubprocessFinalizeParameterMergeStrategyOverwriteAllNulls": "Écraser toutes les valeurs nulles",
		"SubprocessFinalizeParameterMergeStrategyOverwriteSpecified": "Écraser spécifié",
		"SubprocessFinalizeSettings": "Paramètres de finalisation du sous-processus",
		"SubprocessId": "Id de sous-processus",
		"SubprocessIdPlaceholder": "GUID généré automatiquement",
		"SubprocessName": "Nom du sous-processus",
		"SubprocessNamePlaceholder": "Identique au nom de la transition",
		"SubprocessNone": "Aucun",
		"SubprocessSpecifiedParameters": "Paramètres spécifiés",
		"SubprocessStart": "Commencer",
		"SubprocessStartSettings": "Paramètres de démarrage du sous-processus",
		"SubprocessStartupParameterCopyStrategy": "Stratégie de copie des paramètres",
		"SubprocessStartupParameterCopyStrategyCopyAll": "Copier tout",
		"SubprocessStartupParameterCopyStrategyCopySpecified": "Copie spécifiée",
		"SubprocessStartupParameterCopyStrategyIgnoreAll": "Tout ignorer",
		"SubprocessStartupParameterCopyStrategyIgnoreSpecified": "Ignorer spécifié",
		"SubprocessStartupType": "Type de démarrage du sous-processus",
		"SubprocessStartupTypeAnotherThread": "Un autre fil",
		"SubprocessStartupTypeSameThread": "Même fil",
		"SubprocessStartupTypeTimerQueue": "File d'attente du minuteur",
		"Title": "Transition",
		"To": "À l'activité",
		"Trigger": "Déclencher",
		"TriggerAuto": "Auto",
		"TriggerCommand": "Commande",
		"TriggerTimer": "Minuterie",
		"TriggerType": "Type",
		"UserComment": "Commentaire"
	},
	"Warning": "Avertissement"
}