{
	"LangInfo": {
		"code": "it",
		"dialect": "IT",
		"name": "Italiano",
		"description": "Italian (Standard)"
	},
	"ActivityFormLabel": {
		"ActivityLabel": "Attivita",
		"AllExceptions": "*",
		"AnnotationName": "Nome",
		"AnnotationValue": "Valore",
		"Annotations": "Annotazione",
		"DisablePersist": "Disabilita persist",
		"DisablePersists": {
			"DisablePersistParameters": "Disabilita i parametri di processo persistenti",
			"DisablePersistState": "Disabilita stato processo persistente",
			"DisablePersistTransitionHistory": "Disabilita la cronologia delle transizioni persistenti"
		},
		"Exceptions": "Eccezione",
		"ExceptionsHandling": "Gestione delle eccezioni",
		"ExecutionTimeoutLabel": "Timeout di esecuzione",
		"ExecutionTimeoutWarning": "Il timeout di esecuzione funziona solo con azioni asincrone. Controllare il token di cancellazione per la corretta gestione del timeout.",
		"IdleTimeoutLabel": "Timeout di inattività",
		"IgnoreLabel": "Ignorare",
		"ImpAction": "Azione",
		"ImpActionParameter": "Parametro azione",
		"ImpOrder": "Ordine",
		"Implementation": "Attuazione",
		"IsAutoSchemeUpdate": "Aggiornamento automatico dello schema",
		"IsFinal": "Finale",
		"IsForSetState": "Per lo stato impostato",
		"IsInitial": "Iniziale",
		"Name": "Nome",
		"PreExecutionImplementation": "Implementazione della preesecuzione",
		"RetryCountLabel": "Conteggio tentativi",
		"RetryLabel": "Ritentare",
		"Scheme": "Schema in linea",
		"SetActivityLabel": "SetAttività",
		"SetStateLabel": "setState",
		"State": "Stato",
		"StateLabel": "Stato",
		"TimeoutsLabel": "Timeout",
		"Title": "Attivita",
		"TitleForInline": "Attività in linea",
		"TypeLabel": "Tipo",
		"UserComment": "Commentare"
	},
	"ActivityNamePrefix": "Attivita",
	"ActivityToolbar": {
		"CreateActivity": "Crea attività",
		"CreateTransition": "Crea transizione",
		"CreateTransitionAndActivity": "Crea transizione e attività"
	},
	"ActorFormLabel": {
		"Name": "Nome",
		"Rule": "Regola",
		"ShowPredefinedActors": "Mostra attori predefiniti",
		"Title": "Attore",
		"Value": "Valore"
	},
	"AlertTitle": "Avvertimento",
	"AssignmentFormLabel": {
		"AssignmentDeleted": "Assegnazione cancellata",
		"Code": "Codice",
		"DateCreation": "Data di creazione",
		"DateFinish": "Data di fine",
		"DateStart": "Data inizio",
		"DeadlineToFinish": "Scadenza per finire",
		"DeadlineToStart": "Scadenza per iniziare",
		"Description": "Descrizione",
		"Executor": "Esecutore",
		"ExecutorId": "Id esecutore",
		"Name": "Nome",
		"ObserverId": "Id osservatore",
		"Observers": "Osservatore",
		"ProhibitedForExecution": "Vietato per l'esecuzione",
		"Status": "Stato",
		"Tags": "Tag",
		"Title": "Assegnazione",
		"TypeSomething": "Digita qualcosa"
	},
	"BrokenReferencesDialogText": "Questo schema contiene riferimenti a ELEMENTI che non sono definiti da questo schema o dai provider di azioni correnti. Vuoi tenerli?",
	"ButtonTextCancel": "Annullare",
	"ButtonTextClose": "Vicino",
	"ButtonTextCreate": "Creare",
	"ButtonTextDelete": "Eliminare",
	"ButtonTextNo": "No",
	"ButtonTextOk": "OK",
	"ButtonTextRedo": "Rifare",
	"ButtonTextSave": "Salvare",
	"ButtonTextUndo": "Annullare",
	"ButtonTextYes": "Sì",
	"CloseWithoutSaving": "Chiudere senza salvare?",
	"CodeActionsFormLabel": {
		"ActionCode": "Codice azione",
		"Checkbox": "Casella",
		"CommonUsings": "Usi comuni",
		"CustomTypeHint": "Per utilizzare un tipo personalizzato, aggiungere il suo nome qui e aggiungere la sua implementazione al modello jsonform.",
		"Date": "Data",
		"DateTime": "Data e ora",
		"DefaultValue": "Valore predefinito",
		"Dropdown": "Discesa",
		"DropdownName": "Nome",
		"DropdownShouldContainValues": "Il menu a discesa dovrebbe contenere valori",
		"DropdownValue": "Valore",
		"EditParameters": "Modifica parametri",
		"GlobalDeleteMessage": "Se hai eliminato la CodeAction globale- <br/> < b>altri schemi non saranno in grado di chiamarlo!</B>",
		"IsAsync": "Asincrono",
		"IsGlobal": "È globale",
		"IsRequired": "Necessario",
		"Json": "Json",
		"MultiSelect": "MultiSelect",
		"Name": "Nome",
		"Number": "Numero",
		"Parameters": "Parametro",
		"Text": "Testo",
		"TextArea": "Area testo",
		"Time": "Tempo",
		"Title": "Azioni codice",
		"TitleField": "Titolo",
		"Type": "Tipo",
		"UnGlobalMessage": "Hai cambiato lo stato della bandiera globale.<br / > Verrà creata una CodeAction locale basata su questa CodeAction globale dopo aver salvato questo schema.",
		"Values": "Valore"
	},
	"CommandFormLabel": {
		"Name": "Nome",
		"Title": "Comando"
	},
	"CommandParametersFormLabel": {
		"InputParametersDefaultValue": "Predefinito",
		"InputParametersIsRequired": "Necessario",
		"InputParametersName": "Nome",
		"InputParametersParameter": "Parametro",
		"Title": "parametri di comando"
	},
	"Decision": {
		"ActionLabel": "Azione",
		"Annotations": "Annotazione",
		"Condition": "Condizione",
		"ConditionAction": "Azione",
		"ConditionActionParameter": "Parametro azione",
		"ConditionInversion": "Inverti risultato",
		"ConditionType": "Tipo",
		"ExpressionLabel": "Espressione",
		"Implementation": "Attuazione",
		"IsAutoSchemeUpdate": "Aggiornamento automatico dello schema",
		"IsFinal": "Finale",
		"IsForSetState": "Per lo stato impostato",
		"IsInitial": "Iniziale",
		"Name": "Nome",
		"PreExecutionImplementation": "Implementazione della preesecuzione",
		"ResultOnPreExecution": "PreExec. Risultato",
		"Scheme": "Schema in linea",
		"State": "Stato",
		"Title": "Decisione",
		"TitleForInline": "Decisione in linea",
		"To": "All'attività",
		"Transition": "Transizioni alle attività",
		"UserComment": "Commentare",
		"WhenFalse": "Quando falso",
		"WhenTrue": "Quando è vero"
	},
	"DecisionTable": {
		"ActionLabel": "Azione",
		"Annotations": "Annotazione",
		"Condition": "Condizione",
		"ConditionAction": "Azione",
		"ConditionActionParameter": "Parametro azione",
		"ConditionInversion": "Inverti risultato",
		"ConditionType": "Tipo",
		"ExpressionLabel": "Espressione",
		"Implementation": "Attuazione",
		"IsAutoSchemeUpdate": "Aggiornamento automatico dello schema",
		"IsFinal": "Finale",
		"IsForSetState": "Per lo stato impostato",
		"IsInitial": "Iniziale",
		"Name": "Nome",
		"Parameters": "Parametro",
		"PreExecutionImplementation": "Implementazione della preesecuzione",
		"ResultOnPreExecution": "PreExec. Risultato",
		"Scheme": "Schema in linea",
		"State": "Stato",
		"Title": "Tabella delle decisioni",
		"TitleForInline": "Tabella delle decisioni in linea",
		"To": "All'attività",
		"Transition": "Transizioni alle attività",
		"UserComment": "Commentare"
	},
	"DeleteConfirm": "Eliminare veramente gli elementi selezionati?",
	"DeleteConfirmCurrent": "Eliminare veramente questo elemento?",
	"DialogConfirmText": "Domanda",
	"DropdownValues": {
		"Dropdown": "Discesa",
		"Name": "Nome",
		"Value": "Valore",
		"Values": "valore"
	},
	"EditCodeLabel": {
		"Compile": "Compilare",
		"CompileSucceeded": "Compilazione riuscita.",
		"EditCodeButton": "Modifica codice",
		"Error": "Errore",
		"HideUsings": "Nascondi usi",
		"OK": "OK",
		"ShowUsings": "Mostra usi",
		"Success": "Successo",
		"Title": "Modifica codice",
		"Usings": "Usi"
	},
	"EditExpressionLabel": {
		"Error": "Errore",
		"OK": "OK",
		"Succeeded": "L'espressione è valida.",
		"Success": "Successo",
		"Title": "Modifica espressione",
		"Validate": "Convalidare"
	},
	"EditJSONLabel": {
		"CreateEmptyType": "Creare",
		"Format": "Formato",
		"Title": "Modifica valore in JSON"
	},
	"EditParametersFormlabel": {
		"CustomForms": {
			"AssignmentChange": {
				"AllExecutors": "Tutto",
				"Change": "Cambiare",
				"Code": "Codice",
				"DeadlineToComplete": "Scadenza da completare",
				"DeadlineToStart": "Scadenza per iniziare",
				"Heading": "Assegnazione",
				"IsActive": "È attivo",
				"Name": "Nome",
				"NewExecutor": "Nuovo esecutore",
				"NewTag": "Nuova etichetta",
				"Observers": "Osservatore",
				"OldExecutor": "Vecchio esecutore",
				"ReplacementExecutors": "Sostituzione degli esecutori",
				"State": "Stato",
				"Status": "Stato",
				"StatusState": "Stato stato",
				"Tags": "Tag"
			},
			"AssignmentCreate": {
				"Code": "Codice",
				"DeadlineToComplete": "Scadenza da completare",
				"DeadlineToStart": "Scadenza per iniziare",
				"Description": "Descrizione",
				"Executors": "Esecutore",
				"Heading": "Assegnazione",
				"IsActive": "È attivo",
				"Name": "Nome",
				"NewTag": "Nuova etichetta",
				"Observers": "Osservatore",
				"State": "Stato",
				"Tags": "Tag"
			},
			"AssignmentsHaveStatus": {
				"Assignments": "Assegnazione",
				"Code": "Codice",
				"Condition": "Condizione",
				"IncludeInactive": "Includi inattivo",
				"Name": "Nome",
				"State": "Stato",
				"StatusState": "Stato stato"
			},
			"CreateProcess": {
				"Heading": "Impostazioni principali",
				"Name": "Nome",
				"ParameterName": "Nome",
				"ParameterPurpose": "Scopo",
				"ParameterValue": "Valore",
				"ProcessCreationParameters": "Parametri di creazione del processo",
				"ProcessId": "Id processo",
				"Scheme": "Schema",
				"State": "Stato"
			},
			"HTTPRequest": {
				"AddProcessInstanceParameters": "Aggiungi parametri istanza processo",
				"ContentType": "Tipo di contenuto",
				"Headers": "Intestazione",
				"Heading": "Richiesta",
				"Name": "Nome",
				"ParameterName": "Nome parametro",
				"ParameterPurpose": "Scopo del parametro",
				"Parameters": "Parametro",
				"Password": "Password",
				"Post": "Post",
				"State": "Stato",
				"StoreResponse": "Memorizzare la risposta",
				"Url": "URL",
				"UseAuth": "Usa autenticazione",
				"Username": "Username"
			},
			"SendEmail": {
				"BccList": "Elenco indirizzi CCN",
				"Body": "Corpo",
				"CcList": "Elenco indirizzi CC",
				"Heading": "Forma",
				"IsHTML": "IsHTML",
				"MailServer": "Server di posta",
				"MailServerFrom": "Server di posta da",
				"MailServerLogin": "Accesso al server di posta",
				"MailServerPass": "Passaggio del server di posta",
				"MailServerPort": "Porta del server di posta",
				"MailServerSsl": "MailServerSsl",
				"Name": "Nome",
				"ReplyToList": "Rispondi alla lista degli indirizzi",
				"State": "Stato",
				"Subject": "Soggetto",
				"To": "Per",
				"UseAuth": "Usa autenticazione"
			},
			"SetLoopState": {
				"LoopName": "Nome ciclo",
				"LoopState": "Stato del ciclo",
				"Name": "Nome",
				"State": "Stato"
			},
			"StartLoopFor": {
				"CounterType": "Tipo contatore",
				"DateRange": "Intervallo di date",
				"EndDate": "Data di fine",
				"EndValue": "Valore finale",
				"Heading": "Loop",
				"IncludeLastValue": "Includi ultimo valore",
				"LoopCounterValueParameterName": "Valore contatore loop nome parametro",
				"LoopName": "Nome ciclo",
				"LoopStateParameterName": "Nome parametro stato ciclo",
				"Name": "Nome",
				"RangeSeparator": "Per",
				"Reverse": "Reverse",
				"StartDate": "Data di inizio",
				"StartValue": "Valore iniziale",
				"State": "Stato",
				"Step": "Passo",
				"StepType": "Tipo di passo"
			},
			"StartLoopForeach": {
				"Heading": "Loop",
				"LoopCounterValueParameterName": "Valore contatore loop nome parametro",
				"LoopName": "Nome ciclo",
				"LoopStateParameterName": "Nome parametro stato ciclo",
				"Name": "Nome",
				"Reverse": "Reverse",
				"State": "Stato",
				"Values": "Valore",
				"ValuesError": "Il valore None non può essere vuoto!"
			}
		},
		"DateShouldBeInISOFormat": "Il parametro Data / ora deve essere in formato ISO8601",
		"IncorrectForm": "Il modulo contiene più di un elemento e almeno un elemento non ha un nome. Specificare il Nome per ogni elemento.",
		"InvalidJson": "L'oggetto JSON non è valido o non corrisponde al modello",
		"NumberRequired": "Dovrebbe essere un valore numerico",
		"SwitchToConstructor": "Passa all'editor dei valori dei parametri",
		"SwitchToJson": "Passa all'editor JSON",
		"Title": "Modifica i valori dei parametri"
	},
	"ElementToolbar": {
		"Clone": "Clone",
		"Color": "Colore",
		"Delete": "Eliminare",
		"ShowProperties": "Mostra proprietà"
	},
	"Elements": {
		"Activities": "Attivita",
		"BasicActivity": "Attività di base",
		"BasicActivityDesc": "Determina uno stato e l'ordine in cui vengono eseguite le azioni nel processo.",
		"Comment": {
			"Alignment": "Allineamento",
			"CommentText": "Testo del commento",
			"Description": "Inserire un commento sullo schema",
			"FontSize": "Dimensione carattere",
			"Name": "Nome",
			"TextFormatting": "Formattazione del testo",
			"Title": "Commentare"
		},
		"FinalActivity": "Attività finale",
		"FinalActivityDesc": "Questo uno stato finale.",
		"Header": "Elemento",
		"InitialActivity": "Attività iniziale",
		"InitialActivityDesc": "Questo uno stato iniziale.",
		"InlineHeader": "Inline",
		"PluginRequired": "Plugin richiesto:",
		"SetLoopState": {
			"Description": "L'azione per lo stato del ciclo impostato",
			"Title": "Imposta lo stato del ciclo"
		},
		"Templates": "Modello"
	},
	"ErrorActivityIsFinalCountText": "Questo schema è in linea. Uno o più elementi devono essere contrassegnati flag Final",
	"ErrorActivityIsInitialCountText": "Un elemento deve essere contrassegnato flag Iniziale",
	"ErrorInBrowserConsole": "Vedi maggiori informazioni nella console del browser.",
	"ErrorInvalidObjectsSaveText": "Impossibile salvare lo schema. Quegli oggetti sono in stato non valido",
	"ErrorReadOnlySaveText": "Il Progettista in modalità di sola lettura, non è possibile salvarlo.",
	"EscapeConfirm": "Ci sono modifiche non salvate. Salvare lo schema?",
	"FieldIsNotCorrected": "Il campo non è corretto!",
	"FieldIsRequired": "Il campo è obbligatorio!",
	"FieldMustBeUnique": "Il campo deve essere unico!",
	"FieldMustContainAt": "Il campo deve contenere @",
	"InfoBlockLabel": {
		"Activity": "Attivita: ",
		"Command": "Comando: ",
		"Transition": "Transizione: "
	},
	"LibraryLabel": {
		"PluginRequired": "Plugin richiesto:"
	},
	"LocalizationFormLabel": {
		"Culture": "Cultura",
		"IsDefault": "ÈdEfinita",
		"ObjectName": "Nome oggetto",
		"ShowPredefined": "Mostra predefinito",
		"Title": "Localizzazione",
		"Type": "Tipo",
		"Types": {
			"Action": "Azione",
			"Command": "Comando",
			"Comment": "Commentare",
			"Condition": "Condizione",
			"Parameter": "Parametro",
			"Scheme": "Schema",
			"State": "Stato"
		},
		"Value": "Valore"
	},
	"Logs": {
		"AutoRefresh": "Aggiornamento automatico",
		"Description": "Questo parametro è il valore predefinito per i processi di registrazione basati su questo schema",
		"Empty": "Vuoto",
		"Exception": "Eccezione",
		"ExceptionInfo": "Informazioni sulle eccezioni",
		"HideDetails": "Nascondi dettagli",
		"Label": "Log",
		"Message": "Messaggio",
		"ParamName": "LogEnabled",
		"Refresh": "Aggiornare",
		"Show": "Mostrare",
		"ShowDetails": "Mostra dettagli",
		"Timestamp": "Data e ora"
	},
	"None": "Nessuno",
	"ParameterFormLabel": {
		"InitialValue": "Valore iniziale",
		"Name": "Nome",
		"Purpose": "Scopo",
		"ShowSystemParameters": "Mostra i parametri di sistema",
		"Title": "Parametro",
		"Type": "Tipo",
		"Value": "Valore"
	},
	"ProcessInfoFormLabel": {
		"DefiningParameters": "Definizione dei parametri",
		"GeneralTabLabel": "Generale",
		"HistoryTabActorIdLabel": "Id attore",
		"HistoryTabActorLabel": "Attore",
		"HistoryTabDurationLabel": "Durata (sm)",
		"HistoryTabExecutorIdLabel": "Id esecutore",
		"HistoryTabExecutorLabel": "Esecutore",
		"HistoryTabFromLabel": "Da",
		"HistoryTabFromStateLabel": "Dallo Stato",
		"HistoryTabName": "Storia",
		"HistoryTabStartTimeLabel": "Ora di inizio",
		"HistoryTabTimeLabel": "Tempo",
		"HistoryTabToLabel": "Per",
		"HistoryTabToStateLabel": "affermare",
		"HistoryTabTransitionClassifierNameLabel": "Classificatore",
		"HistoryTabTriggerNameLabel": "Nome trigger",
		"IsObsolete": "IsObsolete",
		"ParametersNameLabel": "Nome",
		"ParametersValueLabel": "Valore",
		"ProcessIdLabel": "Id processo",
		"ProcessParameters": "Parametri di processo",
		"ProcessParametersTabName": "Parametri di processo",
		"RootProcess": "Processo radice",
		"SystemParametersTabName": "Parametri di sistema",
		"TagsInputPlaceholder": "Inizia a inserire un nome per aggiungere un tag",
		"TagsLabel": "Tag",
		"TagsTabName": "Tag",
		"TimersTabName": "Timer",
		"TimersTabNameLabel": "Nome",
		"TimersTabValueLabel": "Valore",
		"Title": "Informazioni sul processo"
	},
	"ReadMore": "Per saperne di più.",
	"SaveConfirm": "Salvare le modifiche?",
	"SchemeNotSaved": "Schema non salvato",
	"SchemeSaved": "Schema salvato",
	"SwitchToDefaultMode": "Passa alla modalità predefinita",
	"SwitchToExpertMode": "Passa alla modalità Esperto",
	"TimerFormLabel": {
		"Name": "Nome",
		"Override": "Ignorare",
		"OverrideHint": "Sovrascrivi il timer se esiste",
		"Title": "Timer",
		"Type": "Tipo",
		"Value": "Valore"
	},
	"ToolbarLabel": {
		"ActivitiesCount": "Conteggio / limite delle attività",
		"Actors": "Attore",
		"AdditionalParameters": "Parametri aggiuntivi",
		"Assignments": "Assegnazione",
		"AutoArrangement": "Disposizione automatica",
		"Clear": "Chiaro",
		"Clone": "Clone",
		"CodeActions": "Azioni codice",
		"Commands": "Comando",
		"CommandsCount": "Conteggio comandi / Limite",
		"CopySelected": "Copia selezionata",
		"CreateActivity": "Crea attività",
		"CreateActivityTransition": "Creare un'attività e una transizione",
		"CreateInline": "Crea in linea (modello)",
		"CreateTransition": "Creare una transizione",
		"Delete": "Eliminare",
		"Download": "Scaricare",
		"DownloadBPMN": "Scarica come BPMN",
		"DownloadScheme": "Scarica schema",
		"DownloadXML": "Scarica come XML",
		"Elements": "Elemento",
		"File": "File",
		"FitToScreen": "Adatta allo schermo",
		"FullScreen": "Schermo intero",
		"ImageQuality": "Qualità (rapporto di aspetto pixel):",
		"Info": "Informazioni estese",
		"Inline": "Lo schema può essere inline",
		"Language": "Lingua",
		"Legend": "Leggenda",
		"Library": "Biblioteca",
		"Localization": "Localizzazione",
		"Menu": "Menu",
		"Move": "Spostare",
		"Parameters": "Parametro",
		"ProcessInfo": "Informazioni sul processo",
		"Redo": "Rifare",
		"Refresh": "Aggiornare",
		"ResetSettings": "Ripristina impostazioni",
		"ResetZoom": "Azzera zoom",
		"Save": "Salvare",
		"SaveToImage": "Salva nell'immagine",
		"Scheme": "Schema",
		"Settings": "Impostazioni",
		"ShowGrid": "Mostra griglia",
		"Timers": "Timer",
		"TransitionsCount": "Conteggio / limite delle transizioni",
		"Undo": "Annullare",
		"Upload": "Caricare",
		"UploadBPMN": "Carica BPMN",
		"UploadScheme": "Schema di caricamento",
		"UploadXML": "Carica XML",
		"View": "Mostra",
		"ZoomIn": "ingrandire",
		"ZoomOut": "Rimpicciolisci",
		"ZoomPositionDefault": "Zoom predefinito",
		"ZoomTo100": "Imposta zoom su 100%"
	},
	"TransitionAuto": "Auto",
	"TransitionFormLabel": {
		"ActionLabel": "Azione",
		"Allow": "Permettere",
		"AllowConcatenationType": "Concat consenti come",
		"AlwaysConditionShouldBeSingle": "Sempre condizione dovrebbe essere singolo",
		"AlwaysLabel": "Sempre",
		"AnnotationName": "Nome",
		"AnnotationValue": "Valore",
		"Annotations": "Annotazione",
		"Classifier": "Classificatore",
		"ClassifierValues": {
			"Direct": "Diretto",
			"NotSpecified": "Non specificato",
			"Reverse": "Reverse"
		},
		"Condition": "Condizione",
		"ConditionAction": "Azione",
		"ConditionActionParameter": "Parametro azione",
		"ConditionExpression": "Espressione",
		"ConditionInversion": "Inverti risultato",
		"ConditionType": "Tipo",
		"ConditionalLabel": "Condizionale",
		"ConditionsConcatenationType": "Condizioni tipo di concatenazione",
		"ConditionsListShouldNotBeEmpty": "L'elenco delle condizioni non deve essere vuoto",
		"DisableParentStateControl": "Disabilita il controllo del processo genitore",
		"ExpressionLabel": "Espressione",
		"From": "Dall'attività",
		"HideConcatParameters": "Nascondi concatenazione",
		"InlinedFinalActivityName": "Nome attività finale in linea",
		"IsFork": "Is fork (processo parallelo)",
		"MergeViaSetState": "Unisci sottoprocesso tramite stato set",
		"Name": "Nome",
		"OtherwiseConditionShouldBeSingle": "Altrimenti la condizione dovrebbe essere singola",
		"OtherwiseLabel": "Altrimenti",
		"Restrict": "Limitare",
		"RestrictConcatenationType": "Concat limita come",
		"Restrictions": "Restrizione",
		"RestrictionsActor": "Attore",
		"RestrictionsType": "Tipo",
		"ResultOnPreExecution": "PreExec. Risultato",
		"ShowConcatParameters": "Mostra concatenazione",
		"Subprocess": "Sottoprocesso",
		"SubprocessAuto": "Auto",
		"SubprocessFinalize": "Finalizzare",
		"SubprocessFinalizeParameterMergeStrategy": "Strategia di unione dei parametri",
		"SubprocessFinalizeParameterMergeStrategyDontOverwriteSpecified": "Non sovrascrivere specificato",
		"SubprocessFinalizeParameterMergeStrategyOverwriteAll": "Sovrascrivi tutto",
		"SubprocessFinalizeParameterMergeStrategyOverwriteAllNulls": "Sovrascrivi tutti i null",
		"SubprocessFinalizeParameterMergeStrategyOverwriteSpecified": "Sovrascrivi specificato",
		"SubprocessFinalizeSettings": "Sottoprocesso finalizza impostazioni",
		"SubprocessId": "Id sottoprocesso",
		"SubprocessIdPlaceholder": "GUID generato automaticamente",
		"SubprocessName": "Nome sottoprocesso",
		"SubprocessNamePlaceholder": "Come il nome della transizione",
		"SubprocessNone": "Nessuno",
		"SubprocessSpecifiedParameters": "Parametri specificati",
		"SubprocessStart": "Inizia",
		"SubprocessStartSettings": "Impostazioni avvio sottoprocesso",
		"SubprocessStartupParameterCopyStrategy": "Strategia di copia dei parametri",
		"SubprocessStartupParameterCopyStrategyCopyAll": "Copia tutto",
		"SubprocessStartupParameterCopyStrategyCopySpecified": "Copia specificata",
		"SubprocessStartupParameterCopyStrategyIgnoreAll": "Ignora tutto",
		"SubprocessStartupParameterCopyStrategyIgnoreSpecified": "Ignora specificato",
		"SubprocessStartupType": "Tipo di avvio sottoprocesso",
		"SubprocessStartupTypeAnotherThread": "Un altro thread",
		"SubprocessStartupTypeSameThread": "Stesso filo",
		"SubprocessStartupTypeTimerQueue": "Coda timer",
		"Title": "Transizione",
		"To": "All'attività",
		"Trigger": "Innescare",
		"TriggerAuto": "Auto",
		"TriggerCommand": "Comando",
		"TriggerTimer": "Timer",
		"TriggerType": "Tipo",
		"UserComment": "Commentare"
	},
	"Warning": "Avvertimento"
}