{
	"LangInfo": {
		"code": "pt",
		"dialect": "PT",
		"name": "Português",
		"description": "Portuguese (Portugal)"
	},
	"ActivityFormLabel": {
		"ActivityLabel": "Actividade",
		"AllExceptions": "*",
		"AnnotationName": "Nome",
		"AnnotationValue": "Valor",
		"Annotations": "Anotacao",
		"DisablePersist": "Desativar persistir",
		"DisablePersists": {
			"DisablePersistParameters": "Desativar os parâmetros de processo persistir",
			"DisablePersistState": "Desativar o estado do processo persistir",
			"DisablePersistTransitionHistory": "Desativar o histórico de transição persistir"
		},
		"Exceptions": "Excepcao",
		"ExceptionsHandling": "Excepcao",
		"ExecutionTimeoutLabel": "Tempo limite de execução",
		"ExecutionTimeoutWarning": "O tempo limite de execução funciona apenas com ações assíncronas. Verifique o token de cancelamento para obter o tratamento adequado do tempo limite.",
		"IdleTimeoutLabel": "Inactividade",
		"IgnoreLabel": "Ignorar",
		"ImpAction": "Accao",
		"ImpActionParameter": "Parâmetro de ação",
		"ImpOrder": "Ordem",
		"Implementation": "Implementacao",
		"IsAutoSchemeUpdate": "Atualização do esquema automático",
		"IsFinal": "Final",
		"IsForSetState": "Para o estado definido",
		"IsInitial": "Inicial",
		"Name": "Nome",
		"PreExecutionImplementation": "Implementação De Pré-Execução",
		"RetryCountLabel": "Repetir Contagem",
		"RetryLabel": "Repetir",
		"Scheme": "Esquema em linha",
		"SetActivityLabel": "SetActivity",
		"SetStateLabel": "SetState",
		"State": "Estado",
		"StateLabel": "Estado",
		"TimeoutsLabel": "Limite",
		"Title": "Actividade",
		"TitleForInline": "Atividade Em Linha",
		"TypeLabel": "Tipo",
		"UserComment": "Comentario"
	},
	"ActivityNamePrefix": "Actividade",
	"ActivityToolbar": {
		"CreateActivity": "Criar atividade",
		"CreateTransition": "Criar transição",
		"CreateTransitionAndActivity": "Criar transição e atividade"
	},
	"ActorFormLabel": {
		"Name": "Nome",
		"Rule": "Regra",
		"ShowPredefinedActors": "Mostrar atores predefinidos",
		"Title": "Interveniente",
		"Value": "Valor"
	},
	"AlertTitle": "Aviso",
	"AssignmentFormLabel": {
		"AssignmentDeleted": "Atribuição excluída",
		"Code": "Codigo",
		"DateCreation": "Data de criação",
		"DateFinish": "Data de término",
		"DateStart": "Data de início",
		"DeadlineToFinish": "Prazo para terminar",
		"DeadlineToStart": "Prazo para começar",
		"Description": "Descricao",
		"Executor": "Executor",
		"ExecutorId": "ID Do Executor",
		"Name": "Nome",
		"ObserverId": "ID Do Observador",
		"Observers": "Observador",
		"ProhibitedForExecution": "Proibido para execução",
		"Status": "Status",
		"Tags": "Etiqueta",
		"Title": "Atribuicao",
		"TypeSomething": "Digite algo"
	},
	"BrokenReferencesDialogText": "Este esquema contém referências a elementos que não são definidos por este esquema ou provedores de ação atuais. Você quer mantê-los?",
	"ButtonTextCancel": "Cancelar",
	"ButtonTextClose": "Fechar",
	"ButtonTextCreate": "Criar",
	"ButtonTextDelete": "Excluir",
	"ButtonTextNo": "Não",
	"ButtonTextOk": "Bem",
	"ButtonTextRedo": "Refazer",
	"ButtonTextSave": "Salvar",
	"ButtonTextUndo": "Desfazer",
	"ButtonTextYes": "Sim",
	"CloseWithoutSaving": "Fechar sem salvar?",
	"CodeActionsFormLabel": {
		"ActionCode": "Código de ação",
		"Checkbox": "Verificacao",
		"CommonUsings": "Utilizações Comuns",
		"CustomTypeHint": "Para usar um tipo personalizado, Adicione seu nome aqui e adicione sua implementação ao modelo jsonform.",
		"Date": "Data",
		"DateTime": "Data e hora",
		"DefaultValue": "Predefinicao",
		"Dropdown": "Pendente",
		"DropdownName": "Nome",
		"DropdownShouldContainValues": "O menu suspenso deve conter valores",
		"DropdownValue": "Valor",
		"EditParameters": "Editar parâmetros",
		"GlobalDeleteMessage": "Se você excluiu o CodeAction Global - <br/> < b>outros esquemas não poderão chamá-lo!</B>",
		"IsAsync": "Async",
		"IsGlobal": "É global",
		"IsRequired": "Necessario",
		"Json": "Json",
		"MultiSelect": "MultiSelect",
		"Name": "Nome",
		"Number": "Numero",
		"Parameters": "Parametro",
		"Text": "Texto",
		"TextArea": "TextArea",
		"Time": "Tempo",
		"Title": "Ações de código",
		"TitleField": "Titulo",
		"Type": "Tipo",
		"UnGlobalMessage": "Você mudou o estado da bandeira global.<br / > será criado um CodeAction Local baseado neste Codeaction Global após salvar este esquema.",
		"Values": "Valores"
	},
	"CommandFormLabel": {
		"Name": "Nome",
		"Title": "Comando"
	},
	"CommandParametersFormLabel": {
		"InputParametersDefaultValue": "Padrao",
		"InputParametersIsRequired": "Necessario",
		"InputParametersName": "Nome",
		"InputParametersParameter": "Parametro",
		"Title": "comandar"
	},
	"Decision": {
		"ActionLabel": "Accao",
		"Annotations": "Anotacao",
		"Condition": "Condicao",
		"ConditionAction": "Accao",
		"ConditionActionParameter": "Parâmetro de ação",
		"ConditionInversion": "Inverter resultado",
		"ConditionType": "Tipo",
		"ExpressionLabel": "Expressao",
		"Implementation": "Implementacao",
		"IsAutoSchemeUpdate": "Atualização do esquema automático",
		"IsFinal": "Final",
		"IsForSetState": "Para o estado definido",
		"IsInitial": "Inicial",
		"Name": "Nome",
		"PreExecutionImplementation": "Implementação De Pré-Execução",
		"ResultOnPreExecution": "PreExec. Resultado",
		"Scheme": "Esquema em linha",
		"State": "Estado",
		"Title": "Decisao",
		"TitleForInline": "Decisão Em Linha",
		"To": "Para a atividade",
		"Transition": "Transições para atividades",
		"UserComment": "Comentario",
		"WhenFalse": "Quando Falso",
		"WhenTrue": "Quando Verdadeiro"
	},
	"DecisionTable": {
		"ActionLabel": "Accao",
		"Annotations": "Anotacao",
		"Condition": "Condicao",
		"ConditionAction": "Accao",
		"ConditionActionParameter": "Parâmetro de ação",
		"ConditionInversion": "Inverter resultado",
		"ConditionType": "Tipo",
		"ExpressionLabel": "Expressao",
		"Implementation": "Implementacao",
		"IsAutoSchemeUpdate": "Atualização do esquema automático",
		"IsFinal": "Final",
		"IsForSetState": "Para o estado definido",
		"IsInitial": "Inicial",
		"Name": "Nome",
		"Parameters": "Parametro",
		"PreExecutionImplementation": "Implementação De Pré-Execução",
		"ResultOnPreExecution": "PreExec. Resultado",
		"Scheme": "Esquema em linha",
		"State": "Estado",
		"Title": "Quadro de decisão",
		"TitleForInline": "Tabela de decisão em linha",
		"To": "Para a atividade",
		"Transition": "Transições para atividades",
		"UserComment": "Comentario"
	},
	"DeleteConfirm": "Tem certeza de que deseja excluir o(S) item (s) selecionado (s)?",
	"DeleteConfirmCurrent": "Tem certeza de que deseja excluir este item?",
	"DialogConfirmText": "Pergunta",
	"DropdownValues": {
		"Dropdown": "Pendente",
		"Name": "Nome",
		"Value": "Valor",
		"Values": "valores"
	},
	"EditCodeLabel": {
		"Compile": "Compilar",
		"CompileSucceeded": "Compilação bem sucedida.",
		"EditCodeButton": "Editar código",
		"Error": "Erro",
		"HideUsings": "Esconder usings",
		"OK": "BEM",
		"ShowUsings": "Mostrar usings",
		"Success": "Sucesso",
		"Title": "Editar código",
		"Usings": "Utilizações"
	},
	"EditExpressionLabel": {
		"Error": "Erro",
		"OK": "BEM",
		"Succeeded": "A expressão é válida.",
		"Success": "Sucesso",
		"Title": "Editar Expressão",
		"Validate": "Validar"
	},
	"EditJSONLabel": {
		"CreateEmptyType": "Criar",
		"Format": "Formato",
		"Title": "Editar valor em JSON"
	},
	"EditParametersFormlabel": {
		"CustomForms": {
			"AssignmentChange": {
				"AllExecutors": "Todo",
				"Change": "Alterar",
				"Code": "Codigo",
				"DeadlineToComplete": "Prazo para conclusão",
				"DeadlineToStart": "Prazo para começar",
				"Heading": "Atribuicao",
				"IsActive": "Está ativo",
				"Name": "Nome",
				"NewExecutor": "Novo executor",
				"NewTag": "Nova Tag",
				"Observers": "Observador",
				"OldExecutor": "Antigo executor",
				"ReplacementExecutors": "Substituição de executores",
				"State": "Estado",
				"Status": "Status",
				"StatusState": "Estado de Estado",
				"Tags": "Etiqueta"
			},
			"AssignmentCreate": {
				"Code": "Codigo",
				"DeadlineToComplete": "Prazo para conclusão",
				"DeadlineToStart": "Prazo para começar",
				"Description": "Descricao",
				"Executors": "Executor",
				"Heading": "Atribuicao",
				"IsActive": "Está ativo",
				"Name": "Nome",
				"NewTag": "Nova Tag",
				"Observers": "Observador",
				"State": "Estado",
				"Tags": "Etiqueta"
			},
			"AssignmentsHaveStatus": {
				"Assignments": "Atribuicao",
				"Code": "Codigo",
				"Condition": "Condicao",
				"IncludeInactive": "Incluir inativo",
				"Name": "Nome",
				"State": "Estado",
				"StatusState": "Estado de Estado"
			},
			"CreateProcess": {
				"Heading": "Configurações principais",
				"Name": "Nome",
				"ParameterName": "Nome",
				"ParameterPurpose": "Finalidade",
				"ParameterValue": "Valor",
				"ProcessCreationParameters": "Parâmetros de criação do processo",
				"ProcessId": "ID do processo",
				"Scheme": "Esquema",
				"State": "Estado"
			},
			"HTTPRequest": {
				"AddProcessInstanceParameters": "Adicionar parâmetros de instância do processo",
				"ContentType": "Tipo de conteúdo",
				"Headers": "Cabecalho",
				"Heading": "Pedido",
				"Name": "Nome",
				"ParameterName": "Nome do parâmetro",
				"ParameterPurpose": "Finalidade do parâmetro",
				"Parameters": "Parametro",
				"Password": "Senha",
				"Post": "Postar",
				"State": "Estado",
				"StoreResponse": "Resposta da loja",
				"Url": "Endereco",
				"UseAuth": "Usar autenticação",
				"Username": "Usuario"
			},
			"SendEmail": {
				"BccList": "Lista de endereços BCC",
				"Body": "Corpo",
				"CcList": "Lista de endereços CC",
				"Heading": "Formulario",
				"IsHTML": "IsHTML",
				"MailServer": "Servidor de correio",
				"MailServerFrom": "Servidor de E-mail de",
				"MailServerLogin": "Login do servidor de correio",
				"MailServerPass": "Mail server pass",
				"MailServerPort": "Porta do servidor de correio",
				"MailServerSsl": "Mailserversl",
				"Name": "Nome",
				"ReplyToList": "Responder à lista de endereços",
				"State": "Estado",
				"Subject": "Sujeito",
				"To": "Para",
				"UseAuth": "Usar autenticação"
			},
			"SetLoopState": {
				"LoopName": "Nome do Loop",
				"LoopState": "Estado do laço",
				"Name": "Nome",
				"State": "Estado"
			},
			"StartLoopFor": {
				"CounterType": "Tipo contador",
				"DateRange": "Periodo",
				"EndDate": "Termino",
				"EndValue": "Valor final",
				"Heading": "Loop",
				"IncludeLastValue": "Incluir último valor",
				"LoopCounterValueParameterName": "Nome do parâmetro do valor do contador de Loop",
				"LoopName": "Nome do Loop",
				"LoopStateParameterName": "Nome do parâmetro do Estado do Loop",
				"Name": "Nome",
				"RangeSeparator": "Para",
				"Reverse": "Inverter",
				"StartDate": "Inicio",
				"StartValue": "Valor inicial",
				"State": "Estado",
				"Step": "Passo",
				"StepType": "Tipo de passo"
			},
			"StartLoopForeach": {
				"Heading": "Loop",
				"LoopCounterValueParameterName": "Nome do parâmetro do valor do contador de Loop",
				"LoopName": "Nome do Loop",
				"LoopStateParameterName": "Nome do parâmetro do Estado do Loop",
				"Name": "Nome",
				"Reverse": "Inverter",
				"State": "Estado",
				"Values": "Valores",
				"ValuesError": "Nenhum valor não pode estar vazio!"
			}
		},
		"DateShouldBeInISOFormat": "O parâmetro de data/hora deve estar no formato ISO8601",
		"IncorrectForm": "Seu formulário contém mais de um elemento e pelo menos um elemento não tem um nome. Especifique o nome de cada elemento.",
		"InvalidJson": "O objeto JSON é inválido ou não corresponde ao modelo",
		"NumberRequired": "Deve ser um valor numérico",
		"SwitchToConstructor": "Mudar para o editor de valores de parâmetros",
		"SwitchToJson": "Mudar para o editor JSON",
		"Title": "Editar valores de parâmetros"
	},
	"ElementToolbar": {
		"Clone": "Clone",
		"Color": "Cor",
		"Delete": "Excluir",
		"ShowProperties": "Mostrar propriedades"
	},
	"Elements": {
		"Activities": "Actividade",
		"BasicActivity": "Atividade Básica",
		"BasicActivityDesc": "Ele determina um estado e a ordem, em que ações são executadas em seu processo.",
		"Comment": {
			"Alignment": "Alinhamento",
			"CommentText": "Texto do comentário",
			"Description": "Faça um comentário sobre o esquema",
			"FontSize": "Tamanho",
			"Name": "Nome",
			"TextFormatting": "Formatação de texto",
			"Title": "Comentario"
		},
		"FinalActivity": "Atividade Final",
		"FinalActivityDesc": "É um estado final.",
		"Header": "Elemento",
		"InitialActivity": "Atividade Inicial",
		"InitialActivityDesc": "É um estado inicial.",
		"InlineHeader": "Embutido",
		"PluginRequired": "Plugin necessário:",
		"SetLoopState": {
			"Description": "A ação para o estado de loop definido",
			"Title": "Definir estado de loop"
		},
		"Templates": "Modelo"
	},
	"ErrorActivityIsFinalCountText": "Este esquema está embutido. Um ou mais elementos devem ser marcados bandeira Final",
	"ErrorActivityIsInitialCountText": "Um elemento deve ser marcado como sinalizador inicial",
	"ErrorInBrowserConsole": "Veja mais informações no Console do navegador.",
	"ErrorInvalidObjectsSaveText": "Não é possível salvar o esquema. Esses objetos estão em estado inválido",
	"ErrorReadOnlySaveText": "O Designer no modo Somente Leitura, você não pode salvá-lo.",
	"EscapeConfirm": "Existem alterações não salvas. Você quer salvar o esquema?",
	"FieldIsNotCorrected": "Campo não é corrigido!",
	"FieldIsRequired": "Campo é obrigatório!",
	"FieldMustBeUnique": "O campo deve ser único!",
	"FieldMustContainAt": "Campo deve conter @",
	"InfoBlockLabel": {
		"Activity": "Actividade: ",
		"Command": "Comando: ",
		"Transition": "Transicao: "
	},
	"LibraryLabel": {
		"PluginRequired": "Plugin necessário:"
	},
	"LocalizationFormLabel": {
		"Culture": "Cultura",
		"IsDefault": "IsDefault",
		"ObjectName": "objecto",
		"ShowPredefined": "Mostrar predefinido",
		"Title": "Localizacao",
		"Type": "Tipo",
		"Types": {
			"Action": "Accao",
			"Command": "Comando",
			"Comment": "Comentario",
			"Condition": "Condicao",
			"Parameter": "Parametro",
			"Scheme": "Esquema",
			"State": "Estado"
		},
		"Value": "Valor"
	},
	"Logs": {
		"AutoRefresh": "Atualização automática",
		"Description": "Este parâmetro é o valor padrão para processos de registro com base neste esquema",
		"Empty": "Vazio",
		"Exception": "Excepcao",
		"ExceptionInfo": "Exception info",
		"HideDetails": "Ocultar detalhes",
		"Label": "Registo",
		"Message": "Mensagem",
		"ParamName": "LogEnabled",
		"Refresh": "Actualizar",
		"Show": "Mostrar",
		"ShowDetails": "Mostrar detalhes",
		"Timestamp": "Carimbo"
	},
	"None": "Nenhum",
	"ParameterFormLabel": {
		"InitialValue": "InitialValue",
		"Name": "Nome",
		"Purpose": "Finalidade",
		"ShowSystemParameters": "Mostrar parâmetros do sistema",
		"Title": "Parametro",
		"Type": "Tipo",
		"Value": "Valor"
	},
	"ProcessInfoFormLabel": {
		"DefiningParameters": "Definindo parâmetros",
		"GeneralTabLabel": "Geral",
		"HistoryTabActorIdLabel": "ID Do Ator",
		"HistoryTabActorLabel": "Actor",
		"HistoryTabDurationLabel": "Duração (ms)",
		"HistoryTabExecutorIdLabel": "ID Do Executor",
		"HistoryTabExecutorLabel": "Executor",
		"HistoryTabFromLabel": "De",
		"HistoryTabFromStateLabel": "Do Estado",
		"HistoryTabName": "Historia",
		"HistoryTabStartTimeLabel": "inicio",
		"HistoryTabTimeLabel": "Tempo",
		"HistoryTabToLabel": "Para",
		"HistoryTabToStateLabel": "estar",
		"HistoryTabTransitionClassifierNameLabel": "Classificador",
		"HistoryTabTriggerNameLabel": "Nome Do Gatilho",
		"IsObsolete": "IsObsolete",
		"ParametersNameLabel": "Nome",
		"ParametersValueLabel": "Valor",
		"ProcessIdLabel": "ID Do Processo",
		"ProcessParameters": "Parâmetros do processo",
		"ProcessParametersTabName": "Parâmetros Do Processo",
		"RootProcess": "Processo Raiz",
		"SystemParametersTabName": "Parâmetros Do Sistema",
		"TagsInputPlaceholder": "Comece a inserir um nome para adicionar uma tag",
		"TagsLabel": "Etiqueta",
		"TagsTabName": "Etiqueta",
		"TimersTabName": "Chamada",
		"TimersTabNameLabel": "Nome",
		"TimersTabValueLabel": "Valor",
		"Title": "Informações Do Processo"
	},
	"ReadMore": "Continuar.",
	"SaveConfirm": "Salvar alterações?",
	"SchemeNotSaved": "Regime não guardado",
	"SchemeSaved": "Regime guardado",
	"SwitchToDefaultMode": "Mudar Para O Modo Padrão",
	"SwitchToExpertMode": "Mudar Para O Modo Expert",
	"TimerFormLabel": {
		"Name": "Nome",
		"Override": "Substituir",
		"OverrideHint": "Substituir temporizador se existir",
		"Title": "Chamada",
		"Type": "Tipo",
		"Value": "Valor"
	},
	"ToolbarLabel": {
		"ActivitiesCount": "Contagem / limite de atividades",
		"Actors": "Interveniente",
		"AdditionalParameters": "Parâmetros Adicionais",
		"Assignments": "Atribuicao",
		"AutoArrangement": "Arranjo automático",
		"Clear": "Desmarcar",
		"Clone": "Clone",
		"CodeActions": "Ações de código",
		"Commands": "Comando",
		"CommandsCount": "Comandos Contagem / limite",
		"CopySelected": "Copiar selecionado",
		"CreateActivity": "Criar atividade",
		"CreateActivityTransition": "Criar uma atividade e uma transição",
		"CreateInline": "Criar inline (modelo)",
		"CreateTransition": "Criar uma transição",
		"Delete": "Excluir",
		"Download": "Baixar",
		"DownloadBPMN": "Baixar como BPMN",
		"DownloadScheme": "Esquema de transferência",
		"DownloadXML": "Baixar como XML",
		"Elements": "Elemento",
		"File": "Arquivo",
		"FitToScreen": "Ajuste à tela",
		"FullScreen": "Tela Cheia",
		"ImageQuality": "Qualidade (proporção de pixel):",
		"Info": "Informação alargada",
		"Inline": "O esquema pode ser sublinhado",
		"Language": "Idioma",
		"Legend": "Lenda",
		"Library": "Biblioteca",
		"Localization": "Localizacao",
		"Menu": "Menu",
		"Move": "Mover",
		"Parameters": "Parametro",
		"ProcessInfo": "Informações Do Processo",
		"Redo": "Refazer",
		"Refresh": "Actualizar",
		"ResetSettings": "Redefinir configurações",
		"ResetZoom": "Redefinir zoom",
		"Save": "Salvar",
		"SaveToImage": "Salvar na imagem",
		"Scheme": "Esquema",
		"Settings": "Definicao",
		"ShowGrid": "Mostrar grade",
		"Timers": "Chamada",
		"TransitionsCount": "Contagem / limite de transições",
		"Undo": "Desfazer",
		"Upload": "Carregamento",
		"UploadBPMN": "Carregar BPMN",
		"UploadScheme": "Esquema de carregamento",
		"UploadXML": "Carregar XML",
		"View": "Visualizar",
		"ZoomIn": "ampliar",
		"ZoomOut": "reduzir",
		"ZoomPositionDefault": "Zoom padrão",
		"ZoomTo100": "Definir zoom para 100%"
	},
	"TransitionAuto": "Auto",
	"TransitionFormLabel": {
		"ActionLabel": "Accao",
		"Allow": "Permitir",
		"AllowConcatenationType": "Concat permitir como",
		"AlwaysConditionShouldBeSingle": "Sempre a condição deve ser única",
		"AlwaysLabel": "Sempre",
		"AnnotationName": "Nome",
		"AnnotationValue": "Valor",
		"Annotations": "Anotacao",
		"Classifier": "Classificador",
		"ClassifierValues": {
			"Direct": "Directo",
			"NotSpecified": "Não especificado",
			"Reverse": "Inverter"
		},
		"Condition": "Condicao",
		"ConditionAction": "Accao",
		"ConditionActionParameter": "Parâmetro de ação",
		"ConditionExpression": "Expressao",
		"ConditionInversion": "Inverter resultado",
		"ConditionType": "Tipo",
		"ConditionalLabel": "Condicional",
		"ConditionsConcatenationType": "Condições concatenação tipo",
		"ConditionsListShouldNotBeEmpty": "A lista de condições não deve estar vazia",
		"DisableParentStateControl": "Desativar o controle do processo pai",
		"ExpressionLabel": "Expressao",
		"From": "Da atividade",
		"HideConcatParameters": "Ocultar concatenação",
		"InlinedFinalActivityName": "Nome Da Atividade Final Embutida",
		"IsFork": "Is fork (processo paralelo)",
		"MergeViaSetState": "Mesclar subprocesso via estado definido",
		"Name": "Nome",
		"OtherwiseConditionShouldBeSingle": "Caso contrário, a condição deve ser única",
		"OtherwiseLabel": "Contrario",
		"Restrict": "Restringir",
		"RestrictConcatenationType": "Concat restringir como",
		"Restrictions": "Restricao",
		"RestrictionsActor": "Actor",
		"RestrictionsType": "Tipo",
		"ResultOnPreExecution": "PreExec. Resultado",
		"ShowConcatParameters": "Mostrar concatenação",
		"Subprocess": "Subprocesso",
		"SubprocessAuto": "Auto",
		"SubprocessFinalize": "Finalizar",
		"SubprocessFinalizeParameterMergeStrategy": "Estratégia de mesclagem de parâmetros",
		"SubprocessFinalizeParameterMergeStrategyDontOverwriteSpecified": "Não sobrescreva especificado",
		"SubprocessFinalizeParameterMergeStrategyOverwriteAll": "Substituir tudo",
		"SubprocessFinalizeParameterMergeStrategyOverwriteAllNulls": "Substituir todos os nulls",
		"SubprocessFinalizeParameterMergeStrategyOverwriteSpecified": "Sobrescrever especificado",
		"SubprocessFinalizeSettings": "Subprocesso finalize as configurações",
		"SubprocessId": "ID do subprocesso",
		"SubprocessIdPlaceholder": "GUID autogerado",
		"SubprocessName": "Nome do subprocesso",
		"SubprocessNamePlaceholder": "Mesmo que nome de transição",
		"SubprocessNone": "Nenhum",
		"SubprocessSpecifiedParameters": "Parâmetros especificados",
		"SubprocessStart": "Comece",
		"SubprocessStartSettings": "Configurações de início do subprocesso",
		"SubprocessStartupParameterCopyStrategy": "Estratégia de cópia de parâmetros",
		"SubprocessStartupParameterCopyStrategyCopyAll": "Copiar tudo",
		"SubprocessStartupParameterCopyStrategyCopySpecified": "Cópia especificada",
		"SubprocessStartupParameterCopyStrategyIgnoreAll": "Ignorar tudo",
		"SubprocessStartupParameterCopyStrategyIgnoreSpecified": "Ignorar especificado",
		"SubprocessStartupType": "Tipo de inicialização do subprocesso",
		"SubprocessStartupTypeAnotherThread": "Outro tópico",
		"SubprocessStartupTypeSameThread": "Mesma linha",
		"SubprocessStartupTypeTimerQueue": "Fila do temporizador",
		"Title": "Transicao",
		"To": "Para a atividade",
		"Trigger": "Disparar",
		"TriggerAuto": "Auto",
		"TriggerCommand": "Comando",
		"TriggerTimer": "Temporizador",
		"TriggerType": "Tipo",
		"UserComment": "Comentario"
	},
	"Warning": "Aviso"
}