{
	"LangInfo": {
		"code": "ru",
		"dialect": "RU",
		"name": "Русский",
		"description": "Russian (Standard)",
		"elementUICode": "ru-RU"
	},
	"ActivityFormLabel": {
		"ActivityLabel": "Активность",
		"AllExceptions": "*",
		"AnnotationName": "Имя",
		"AnnotationValue": "Значение",
		"Annotations": "Аннотации",
		"DisablePersist": "Отключить сохранение",
		"DisablePersists": {
			"DisablePersistParameters": "Отключить сохранение параметров процесса",
			"DisablePersistState": "Отключить сохранение состояния процесса",
			"DisablePersistTransitionHistory": "Отключить сохранение истории переходов"
		},
		"Exceptions": "Исключения",
		"ExceptionsHandling": "Обработка исключений",
		"ExecutionTimeoutLabel": "Тайм-аут выполнения",
		"ExecutionTimeoutWarning": "Тайм-аут выполнения работает только с асинхронными действиями. Проверьте токен отмены на правильность обработки тайм-аута.",
		"IdleTimeoutLabel": "Время ожидания в режиме ожидания",
		"IgnoreLabel": "Игнорировать",
		"ImpAction": "Действие",
		"ImpActionParameter": "Параметр действия",
		"ImpOrder": "Порядок",
		"Implementation": "Реализация",
		"IsAutoSchemeUpdate": "Автоматическое обновление схемы",
		"IsFinal": "Конечный",
		"IsForSetState": "Произвольная установка",
		"IsInitial": "Начальный",
		"Name": "Имя",
		"PreExecutionImplementation": "Реализация PreExcecute",
		"RetryCountLabel": "Количество повторных попыток",
		"RetryLabel": "Повторить",
		"Scheme": "Встроенная схема",
		"SetActivityLabel": "SetActivity",
		"SetStateLabel": "SetState",
		"State": "Состояние",
		"StateLabel": "Состояние",
		"TimeoutsLabel": "Тайм-ауты",
		"Title": "Деятельность",
		"TitleForInline": "Встроеная Активность",
		"TypeLabel": "Тип",
		"UserComment": "Комментарий"
	},
	"ActivityNamePrefix": "Деятельность",
	"ActivityToolbar": {
		"CreateActivity": "Создать активность",
		"CreateTransition": "Создать переход",
		"CreateTransitionAndActivity": "Создать переход и активность"
	},
	"ActorFormLabel": {
		"Name": "Наименование",
		"Rule": "Правило",
		"ShowPredefinedActors": "Показывать предопределенных актеров",
		"Title": "Актеры",
		"Value": "Значение"
	},
	"AlertTitle": "Предупреждение",
	"AssignmentFormLabel": {
		"AssignmentDeleted": "Назначение удалено",
		"Code": "Код",
		"DateCreation": "Дата создания",
		"DateFinish": "Дата окончания",
		"DateStart": "Дата начала",
		"DeadlineToFinish": "Крайний срок для завершения",
		"DeadlineToStart": "Крайний срок для начала",
		"Description": "Описание",
		"Executor": "Исполнитель",
		"ExecutorId": "Идентификатор исполнителя",
		"Name": "Имя",
		"ObserverId": "Идентификатор наблюдателя",
		"Observers": "Наблюдатели",
		"ProhibitedForExecution": "Запрещено к исполнению",
		"Status": "Статус",
		"Tags": "Теги",
		"Title": "Назначения",
		"TypeSomething": "Наберите что-нибудь"
	},
	"BrokenReferencesDialogText": "Эта схема содержит ссылки на ЭЛЕМЕНТЫ, которые не определены этой схемой или текущими поставщиками действий. Вы хотите оставить их себе?",
	"ButtonTextCancel": "Отмена",
	"ButtonTextClose": "Закрыть",
	"ButtonTextCreate": "Создать",
	"ButtonTextDelete": "Удалить",
	"ButtonTextNo": "Нет",
	"ButtonTextOk": "Хорошо",
	"ButtonTextRedo": "Повторить",
	"ButtonTextSave": "Сохранить",
	"ButtonTextUndo": "Отменить",
	"ButtonTextYes": "Да",
	"CloseWithoutSaving": "Закрыть без сохранения?",
	"CodeActionsFormLabel": {
		"ActionCode": "Код действия",
		"Checkbox": "Чекбокс",
		"CommonUsings": "Общие Usings",
		"CustomTypeHint": "Чтобы использовать пользовательский тип, добавьте его имя здесь и добавьте его реализацию в шаблон jsonform.",
		"Date": "Дата",
		"DateTime": "Дата и время",
		"DefaultValue": "Значение по умолчанию",
		"Dropdown": "Выпадающий список",
		"DropdownName": "Имя",
		"DropdownShouldContainValues": "Выпадающий список должен содержать значения",
		"DropdownValue": "Значение",
		"EditParameters": "Редактирование параметров",
		"GlobalDeleteMessage": "Если вы удалите Global CodeAction - <br/><b>другие схемы не смогут его вызвать!</b>",
		"IsAsync": "Асинхронный",
		"IsGlobal": "Является глобальным",
		"IsRequired": "Обязательный",
		"Json": "Json",
		"MultiSelect": "Множественный выбор",
		"Name": "Имя",
		"Number": "Номер",
		"Parameters": "Параметры",
		"Text": "Текст",
		"TextArea": "Текстовая область",
		"Time": "Время",
		"Title": "Действия",
		"TitleField": "Заголовок",
		"Type": "Тип",
		"UnGlobalMessage": "Вы изменили состояние глобального флага.<br/>После сохранения этой схемы будет создано локальное действие на основе этого глобального действия.",
		"Values": "Значения"
	},
	"CommandFormLabel": {
		"Name": "Наименование",
		"Title": "Команда"
	},
	"CommandParametersFormLabel": {
		"InputParametersDefaultValue": "По умолчанию",
		"InputParametersIsRequired": "Обязательный",
		"InputParametersName": "Имя",
		"InputParametersParameter": "Параметр",
		"Title": "Параметры команды"
	},
	"Decision": {
		"ActionLabel": "Действие",
		"Annotations": "Аннотации",
		"Condition": "Состояние",
		"ConditionAction": "Действие",
		"ConditionActionParameter": "Параметр действия",
		"ConditionInversion": "Инвертировать результат",
		"ConditionType": "Тип",
		"ExpressionLabel": "Выражение",
		"Implementation": "Реализация",
		"IsAutoSchemeUpdate": "Автоматическое обновление схемы",
		"IsFinal": "Конечный",
		"IsForSetState": "Для заданного состояния",
		"IsInitial": "Начальный",
		"Name": "Имя",
		"PreExecutionImplementation": "Предварительная реализация",
		"ResultOnPreExecution": "Предварительная проверка. Результат",
		"Scheme": "Встроенная схема",
		"State": "Состояние",
		"Title": "Решение",
		"TitleForInline": "Решение Встроено",
		"To": "К деятельности",
		"Transition": "Переходы к видам деятельности",
		"UserComment": "Комментарий",
		"WhenFalse": "Когда Ложь",
		"WhenTrue": "Когда Правда"
	},
	"DecisionTable": {
		"ActionLabel": "Действие",
		"Annotations": "Аннотации",
		"Condition": "Состояние",
		"ConditionAction": "Действие",
		"ConditionActionParameter": "Параметр действия",
		"ConditionInversion": "Инвертировать результат",
		"ConditionType": "Тип",
		"ExpressionLabel": "Выражение",
		"Implementation": "Реализация",
		"IsAutoSchemeUpdate": "Автоматическое обновление схемы",
		"IsFinal": "Окончательный",
		"IsForSetState": "Для заданного состояния",
		"IsInitial": "Первоначальный",
		"Name": "Имя",
		"Parameters": "Параметры",
		"PreExecutionImplementation": "Предварительная реализация",
		"ResultOnPreExecution": "Предварительная проверка. Результат",
		"Scheme": "Встроенная схема",
		"State": "Состояние",
		"Title": "Таблица принятия решений",
		"TitleForInline": "Встроенная таблица решений",
		"To": "К деятельности",
		"Transition": "Переходы к видам деятельности",
		"UserComment": "Комментарий"
	},
	"DeleteConfirm": "Вы уверены, что хотите удалить выбранные элементы?",
	"DeleteConfirmCurrent": "Вы уверены, что хотите удалить этот элемент?",
	"DialogConfirmText": "Вопрос",
	"DropdownValues": {
		"Dropdown": "Выпадающий список",
		"Name": "Имя",
		"Value": "Значение",
		"Values": "Значения"
	},
	"EditCodeLabel": {
		"Compile": "Компилировать",
		"CompileSucceeded": "Компиляция прошла успешно.",
		"EditCodeButton": "Изменить код",
		"Error": "Ошибка",
		"HideUsings": "Скрыть Usings",
		"OK": "ОК",
		"ShowUsings": "Показать Usings",
		"Success": "Успех",
		"Title": "Изменить код",
		"Usings": "Usings"
	},
	"EditExpressionLabel": {
		"Error": "Ошибка",
		"OK": "ОК",
		"Succeeded": "Выражение является допустимым.",
		"Success": "Успех",
		"Title": "Редактировать выражение",
		"Validate": "Валидация"
	},
	"EditJSONLabel": {
		"CreateEmptyType": "Создать",
		"Format": "Формат",
		"Title": "Редактировать значение в JSON"
	},
	"EditParametersFormlabel": {
		"CustomForms": {
			"AssignmentChange": {
				"AllExecutors": "Все",
				"Change": "Изменить",
				"Code": "Код",
				"DeadlineToComplete": "Крайний срок для завершения",
				"DeadlineToStart": "Крайний срок для начала",
				"Heading": "Назначение",
				"IsActive": "Является активным",
				"Name": "Имя",
				"NewExecutor": "Новый исполнитель",
				"NewTag": "Новый Тег",
				"Observers": "Наблюдатели",
				"OldExecutor": "Старый исполнитель",
				"ReplacementExecutors": "Замена исполнителей",
				"State": "Состояние",
				"Status": "Статус",
				"StatusState": "Статус состояния",
				"Tags": "Теги"
			},
			"AssignmentCreate": {
				"Code": "Код",
				"DeadlineToComplete": "Крайний срок для завершения",
				"DeadlineToStart": "Крайний срок для начала",
				"Description": "Описание",
				"Executors": "Исполнители",
				"Heading": "Назначение",
				"IsActive": "Является активным",
				"Name": "Имя",
				"NewTag": "Новый Тег",
				"Observers": "Наблюдатели",
				"State": "Состояние",
				"Tags": "Теги"
			},
			"AssignmentsHaveStatus": {
				"Assignments": "Назначения",
				"Code": "Код",
				"Condition": "Условие",
				"IncludeInactive": "Включить неактивные",
				"Name": "Имя",
				"State": "Состояние",
				"StatusState": "Статус состояния"
			},
			"CreateProcess": {
				"Heading": "Основные настройки",
				"Name": "Имя",
				"ParameterName": "Имя",
				"ParameterPurpose": "Цель",
				"ParameterValue": "Значение",
				"ProcessCreationParameters": "Параметры создания процесса",
				"ProcessId": "Идентификатор процесса",
				"Scheme": "Схема",
				"State": "Состояние"
			},
			"HTTPRequest": {
				"AddProcessInstanceParameters": "Добавление параметров экземпляра процесса",
				"ContentType": "Тип контента",
				"Headers": "Заголовки",
				"Heading": "Запрос",
				"Name": "Имя",
				"ParameterName": "Имя параметра",
				"ParameterPurpose": "Назначение параметра",
				"Parameters": "Параметры",
				"Password": "Пароль",
				"Post": "Post",
				"State": "Состояние",
				"StoreResponse": "Ответ хранилища",
				"Url": "Url",
				"UseAuth": "Используйте аутентификацию",
				"Username": "Имя пользователя"
			},
			"SendEmail": {
				"BccList": "Список адресов BCC",
				"Body": "Тело",
				"CcList": "Список адресов CC",
				"Heading": "Форма",
				"IsHTML": "IsHTML",
				"MailServer": "Почтовый сервер",
				"MailServerFrom": "Почтовый сервер от",
				"MailServerLogin": "Логин почтового сервер",
				"MailServerPass": "Пароль почтового сервера",
				"MailServerPort": "Порт почтового сервера",
				"MailServerSsl": "Почтовые серверы",
				"Name": "Имя",
				"ReplyToList": "Список Ответ на",
				"State": "Состояние",
				"Subject": "Предмет",
				"To": "К",
				"UseAuth": "Используйте аутентификацию"
			},
			"SetLoopState": {
				"LoopName": "Имя цикла",
				"LoopState": "Состояние цикла",
				"Name": "Имя",
				"State": "Состояние"
			},
			"StartLoopFor": {
				"CounterType": "Тип счетчика",
				"DateRange": "Диапазон дат",
				"EndDate": "Дата окончания",
				"EndValue": "Конечное значение",
				"Heading": "Цикл",
				"IncludeLastValue": "Включить последнее значение",
				"LoopCounterValueParameterName": "Значение счетчика цикла имя параметра",
				"LoopName": "Имя цикла",
				"LoopStateParameterName": "Имя параметра состояния цикла",
				"Name": "Имя",
				"RangeSeparator": "К",
				"Reverse": "Обратный",
				"StartDate": "Дата начала",
				"StartValue": "Начальное значение",
				"State": "Состояние",
				"Step": "Шаг",
				"StepType": "Тип шага"
			},
			"StartLoopForeach": {
				"Heading": "Цикл",
				"LoopCounterValueParameterName": "Значение счетчика цикла имя параметра",
				"LoopName": "Имя цикла",
				"LoopStateParameterName": "Имя параметра состояния цикла",
				"Name": "Имя",
				"Reverse": "Обратный",
				"State": "Состояние",
				"Values": "Значения",
				"ValuesError": "Значение None не может быть пустым!"
			}
		},
		"DateShouldBeInISOFormat": "Параметр даты/времени должен быть в формате ISO8601",
		"IncorrectForm": "Ваша форма содержит более одного элемента, и по крайней мере у одного элемента нет имени. Пожалуйста, укажите имя для каждого элемента.",
		"InvalidJson": "Объект JSON является недопустимым или не соответствует модели",
		"NumberRequired": "Должно быть числовое значение",
		"SwitchToConstructor": "Редактор значений параметров",
		"SwitchToJson": "Редактор JSON",
		"Title": "Редактирование значений параметров"
	},
	"ElementToolbar": {
		"Clone": "Клонировать",
		"Color": "Цвет",
		"Delete": "Удалить",
		"ShowProperties": "Показать свойства"
	},
	"Elements": {
		"Activities": "Активности",
		"BasicActivity": "Основная Активность",
		"BasicActivityDesc": "Он определяет состояние и порядок, в котором выполняются действия в вашем процессе.",
		"Comment": {
			"Alignment": "Выравнивание",
			"CommentText": "Текст комментария",
			"Description": "Разместить комментарий на схеме",
			"FontSize": "Размер шрифта",
			"Name": "Имя",
			"TextFormatting": "Форматирование текста",
			"Title": "Комментарий"
		},
		"FinalActivity": "Конечная Активность",
		"FinalActivityDesc": "Это конечная Активность.",
		"Header": "Элементы",
		"InitialActivity": "Начальная Активность",
		"InitialActivityDesc": "Это начальное состояние",
		"InlineHeader": "Встроенный",
		"PluginRequired": "Требуется плагин:",
		"SetLoopState": {
			"Description": "Действие для установки состояния цикла",
			"Title": "Установите состояние цикла"
		},
		"Templates": "Шаблоны"
	},
	"ErrorActivityIsFinalCountText": "Эта схема встроена. Один или несколько элементов должны быть помечены как конечные",
	"ErrorActivityIsInitialCountText": "Один элемент должен быть помечен как начальный",
	"ErrorInBrowserConsole": "Смотрите дополнительную информацию в консоли браузера.",
	"ErrorInvalidObjectsSaveText": "Не удается сохранить схему. Эти объекты находятся в недопустимом состоянии",
	"ErrorReadOnlySaveText": "Конструктор находится в режиме только для чтения, вы не можете его сохранить.",
	"EscapeConfirm": "Есть несохраненные изменения. Вы хотите сохранить схему?",
	"FieldIsNotCorrected": "Некорректное поле!",
	"FieldIsRequired": "Поле обязательно для заполнения!",
	"FieldMustBeUnique": "Поле должно быть уникальным!",
	"FieldMustContainAt": "Поле должно содержать @",
	"InfoBlockLabel": {
		"Activity": "Состояния: ",
		"Command": "Команды: ",
		"Transition": "Переходы: "
	},
	"LibraryLabel": {
		"PluginRequired": "Требуется плагин:"
	},
	"LocalizationFormLabel": {
		"Culture": "Культура",
		"IsDefault": "По умолчанию",
		"ObjectName": "Имя объекта",
		"ShowPredefined": "Показать предопределенные",
		"Title": "Локализация",
		"Type": "Тип",
		"Types": {
			"Action": "Действие",
			"Command": "Команда",
			"Comment": "Комментарий",
			"Condition": "Состояние",
			"Parameter": "Параметр",
			"Scheme": "Схема",
			"State": "Состояние"
		},
		"Value": "Значение"
	},
	"Logs": {
		"AutoRefresh": "Автоматическое обновление",
		"Description": "Этот параметр является значением по умолчанию для процессов ведения журнала на основе этой схемы",
		"Empty": "Пустой",
		"Exception": "Исключение",
		"ExceptionInfo": "Информация об исключении",
		"HideDetails": "Скрыть детали",
		"Label": "Логи",
		"Message": "Сообщение",
		"ParamName": "Вход в систему включен",
		"Refresh": "Обновить",
		"Show": "Показать",
		"ShowDetails": "Показать детали",
		"Timestamp": "Отметка времени"
	},
	"None": "Отсутствует",
	"ParameterFormLabel": {
		"InitialValue": "Начальное значение",
		"Name": "Наименование",
		"Purpose": "Цель",
		"ShowSystemParameters": "Показать системные параметры",
		"Title": "Параметры",
		"Type": "Тип",
		"Value": "Значение"
	},
	"ProcessInfoFormLabel": {
		"DefiningParameters": "Определение параметров",
		"GeneralTabLabel": "Общие",
		"HistoryTabActorIdLabel": "Идентификатор актера",
		"HistoryTabActorLabel": "Актер",
		"HistoryTabDurationLabel": "Длительность (мс)",
		"HistoryTabExecutorIdLabel": "Идентификатор исполнителя",
		"HistoryTabExecutorLabel": "Исполнитель",
		"HistoryTabFromLabel": "От",
		"HistoryTabFromStateLabel": "От состояния",
		"HistoryTabName": "История",
		"HistoryTabStartTimeLabel": "Время начала",
		"HistoryTabTimeLabel": "Время",
		"HistoryTabToLabel": "К",
		"HistoryTabToStateLabel": "к состоянию",
		"HistoryTabTransitionClassifierNameLabel": "Классификатор",
		"HistoryTabTriggerNameLabel": "Имя триггера",
		"IsObsolete": "Устарел",
		"ParametersNameLabel": "Имя",
		"ParametersValueLabel": "Значение",
		"ProcessIdLabel": "Идентификатор процесса",
		"ProcessParameters": "Параметры процесса",
		"ProcessParametersTabName": "Параметры процесса",
		"RootProcess": "Корневой процесс",
		"SystemParametersTabName": "Системные параметры",
		"TagsInputPlaceholder": "Начните вводить имя, чтобы добавить тег",
		"TagsLabel": "Теги",
		"TagsTabName": "Теги",
		"TimersTabName": "Таймеры",
		"TimersTabNameLabel": "Имя",
		"TimersTabValueLabel": "Значение",
		"Title": "Информация о процессе"
	},
	"ReadMore": "Подробнее.",
	"SaveConfirm": "Сохранить изменения?",
	"SchemeNotSaved": "Схема не сохранена",
	"SchemeSaved": "Схема сохранена",
	"SwitchToDefaultMode": "Режим По умолчанию",
	"SwitchToExpertMode": "Экспертный режим",
	"TimerFormLabel": {
		"Name": "Имя",
		"Override": "Переопределять",
		"OverrideHint": "Переопределять таймер, если он существует",
		"Title": "Таймеры",
		"Type": "Тип",
		"Value": "Значение"
	},
	"ToolbarLabel": {
		"ActivitiesCount": "Количество активностей/ Лимит",
		"Actors": "Актеры",
		"AdditionalParameters": "Дополнительные параметры",
		"Assignments": "Назначения",
		"AutoArrangement": "Автоматическое выравнивание",
		"Clear": "Очистить",
		"Clone": "Клонировать",
		"CodeActions": "Действия",
		"Commands": "Команды",
		"CommandsCount": "Количество команд / Лимит",
		"CopySelected": "Выбранная копия",
		"CreateActivity": "Создать активность",
		"CreateActivityTransition": "Создать действие и переход",
		"CreateInline": "Создать встроенную активность (шаблон)",
		"CreateTransition": "Создать переход",
		"Delete": "Удалить",
		"Download": "Скачать",
		"DownloadBPMN": "Скачать как BPMN",
		"DownloadScheme": "Схема загрузки",
		"DownloadXML": "Скачать в формате XML",
		"Elements": "Элементы",
		"File": "Файл",
		"FitToScreen": "По ширине экрана",
		"FullScreen": "Полноэкранный режим",
		"ImageQuality": "Качество (соотношение сторон в пикселях):",
		"Info": "Расширенная информация",
		"Inline": "Схема может быть встроеной",
		"Language": "Язык",
		"Legend": "Легенда",
		"Library": "Библиотека",
		"Localization": "Локализация",
		"Menu": "Меню",
		"Move": "Перемещение",
		"Parameters": "Параметры",
		"ProcessInfo": "Информация о процессе",
		"Redo": "Повторить",
		"Refresh": "Обновить",
		"ResetSettings": "Сброс настроек",
		"ResetZoom": "Сброс масштаба",
		"Save": "Сохранить",
		"SaveToImage": "Сохранить в изображение",
		"Scheme": "Схема",
		"Settings": "Настройки",
		"ShowGrid": "Показать сетку",
		"Timers": "Таймеры",
		"TransitionsCount": "Количество переходов / Лимит",
		"Undo": "Отменить",
		"Upload": "Загрузить",
		"UploadBPMN": "Загрузить BPMN",
		"UploadScheme": "Схема загрузки",
		"UploadXML": "Загрузить XML",
		"View": "Вид",
		"ZoomIn": "Увеличить масштаб",
		"ZoomOut": "Уменьшить масштаб",
		"ZoomPositionDefault": "Масштабирование по умолчанию",
		"ZoomTo100": "Масштаб на 100%"
	},
	"TransitionAuto": "Авто",
	"TransitionFormLabel": {
		"ActionLabel": "Действие",
		"Allow": "Позволять",
		"AllowConcatenationType": "Конкатенацию разрешить как",
		"AlwaysConditionShouldBeSingle": "Условие всегда должно быть единственным",
		"AlwaysLabel": "Всегда",
		"AnnotationName": "Имя",
		"AnnotationValue": "Значение",
		"Annotations": "Аннотации",
		"Classifier": "Классификатор",
		"ClassifierValues": {
			"Direct": "Прямой",
			"NotSpecified": "Не указано",
			"Reverse": "Обратный"
		},
		"Condition": "Состояние",
		"ConditionAction": "Действие",
		"ConditionActionParameter": "Параметр действия",
		"ConditionExpression": "Выражение",
		"ConditionInversion": "Инвертировать результат",
		"ConditionType": "Тип",
		"ConditionalLabel": "Условный",
		"ConditionsConcatenationType": "Тип конкатенации условий",
		"ConditionsListShouldNotBeEmpty": "Список условий не должен быть пустым",
		"DisableParentStateControl": "Отключить родительский контроль процесса",
		"ExpressionLabel": "Выражение",
		"From": "От",
		"HideConcatParameters": "Скрыть конкатенацию",
		"InlinedFinalActivityName": "Название встроенной конечной активности",
		"IsFork": "Является стартом дочернего процесса",
		"MergeViaSetState": "Объединить подпроцесс через заданное состояние",
		"Name": "Имя",
		"OtherwiseConditionShouldBeSingle": "В противном случае условие должно быть единственным",
		"OtherwiseLabel": "Иначе",
		"Restrict": "Ограничивать",
		"RestrictConcatenationType": "Конкатенировать как",
		"Restrictions": "Ограничения",
		"RestrictionsActor": "Актер",
		"RestrictionsType": "Тип",
		"ResultOnPreExecution": "Результат выполнения операции",
		"ShowConcatParameters": "Показать конкатенацию",
		"Subprocess": "Подпроцесс",
		"SubprocessAuto": "Авто",
		"SubprocessFinalize": "Завершить",
		"SubprocessFinalizeParameterMergeStrategy": "Стратегия слияния параметров",
		"SubprocessFinalizeParameterMergeStrategyDontOverwriteSpecified": "Не перезаписывать указанные",
		"SubprocessFinalizeParameterMergeStrategyOverwriteAll": "Перезаписать все",
		"SubprocessFinalizeParameterMergeStrategyOverwriteAllNulls": "Перезаписать все null",
		"SubprocessFinalizeParameterMergeStrategyOverwriteSpecified": "Перезаписать указанный",
		"SubprocessFinalizeSettings": "Параметры завершения подпроцесса",
		"SubprocessId": "Идентификатор подпроцесса",
		"SubprocessIdPlaceholder": "Автоматически сгенерированный GUID",
		"SubprocessName": "Имя подпроцесса",
		"SubprocessNamePlaceholder": "То же, что и название перехода",
		"SubprocessNone": "Подпроцесс отсутствует",
		"SubprocessSpecifiedParameters": "Заданные параметры",
		"SubprocessStart": "Начать",
		"SubprocessStartSettings": "Параметры запуска подпроцесса",
		"SubprocessStartupParameterCopyStrategy": "Стратегия копирования параметров",
		"SubprocessStartupParameterCopyStrategyCopyAll": "Скопировать все",
		"SubprocessStartupParameterCopyStrategyCopySpecified": "Копировать указанные",
		"SubprocessStartupParameterCopyStrategyIgnoreAll": "Игнорировать все",
		"SubprocessStartupParameterCopyStrategyIgnoreSpecified": "Игнорировать указанные",
		"SubprocessStartupType": "Тип запуска подпроцесса",
		"SubprocessStartupTypeAnotherThread": "Еще один поток",
		"SubprocessStartupTypeSameThread": "Тот же поток",
		"SubprocessStartupTypeTimerQueue": "Очередь таймера",
		"Title": "Переход",
		"To": "К",
		"Trigger": "Триггер",
		"TriggerAuto": "Авто",
		"TriggerCommand": "Команда",
		"TriggerTimer": "Таймер",
		"TriggerType": "Тип",
		"UserComment": "Комментарий"
	},
	"Warning": "Предупреждение"
}