{
	"LangInfo": {
		"code": "tr",
		"dialect": "TR",
		"name": "Türk",
		"description": "Turkish",
		"elementUICode": "tr-TR"
	},
	"ActivityFormLabel": {
		"ActivityLabel": "Aktivite",
		"AllExceptions": "*",
		"AnnotationName": "İsim",
		"AnnotationValue": "Değer",
		"Annotations": "Açıklamalar",
		"DisablePersist": "Kalıcı devre dışı bırak",
		"DisablePersists": {
			"DisablePersistParameters": "Kalıcı işlem parametrelerini devre dışı bırak",
			"DisablePersistState": "Kalıcı işlem durumunu devre dışı bırak",
			"DisablePersistTransitionHistory": "Kalıcı geçiş geçmişini devre dışı bırak"
		},
		"Exceptions": "İstisna",
		"ExceptionsHandling": "Özel durum işleme",
		"ExecutionTimeoutLabel": "Yürütme zaman aşımı",
		"ExecutionTimeoutWarning": "Yürütme zaman aşımı yalnızca zaman uyumsuz eylemlerle çalışır. Uygun zaman aşımı işleme için iptal belirtecini denetleyin.",
		"IdleTimeoutLabel": "Boşta kalma zaman aşımı",
		"IgnoreLabel": "Görmezlikten gelmek",
		"ImpAction": "Aksiyon",
		"ImpActionParameter": "Eylem parametresi",
		"ImpOrder": "Sipariş",
		"Implementation": "Uygulama",
		"IsAutoSchemeUpdate": "Otomatik şema güncelleme",
		"IsFinal": "Son",
		"IsForSetState": "Ayarlanan durum için",
		"IsInitial": "İlk",
		"Name": "İsim",
		"PreExecutionImplementation": "PreExecution Uygulaması",
		"RetryCountLabel": "Yeniden deneme sayısı",
		"RetryLabel": "Deneme",
		"Scheme": "Satır içi şema",
		"SetActivityLabel": "SetAktivite",
		"SetStateLabel": "SetState",
		"State": "Devlet",
		"StateLabel": "Devlet",
		"TimeoutsLabel": "Zamanaşımılar",
		"Title": "Aktivite",
		"TitleForInline": "Satır İçi Etkinlik",
		"TypeLabel": "Tip",
		"UserComment": "Yorum"
	},
	"ActivityNamePrefix": "Aktivite",
	"ActivityToolbar": {
		"CreateActivity": "Etkinlik oluştur",
		"CreateTransition": "Geçiş oluştur",
		"CreateTransitionAndActivity": "Geçiş ve etkinlik oluşturma"
	},
	"ActorFormLabel": {
		"Name": "İsim",
		"Rule": "Kural",
		"ShowPredefinedActors": "Önceden tanımlanmış aktörleri göster",
		"Title": "Aktörler",
		"Value": "Değer"
	},
	"AlertTitle": "Uyarı",
	"AssignmentFormLabel": {
		"AssignmentDeleted": "Atama silindi",
		"Code": "Kod",
		"DateCreation": "Tarih oluşturma",
		"DateFinish": "Bitiş tarihi",
		"DateStart": "Başlangıç tarihi",
		"DeadlineToFinish": "Bitirmek için son tarih",
		"DeadlineToStart": "Başlamak için son tarih",
		"Description": "Tanım",
		"Executor": "Yürütücü",
		"ExecutorId": "Yürütücü Kimliği",
		"Name": "İsim",
		"ObserverId": "Gözlemci Kimliği",
		"Observers": "Gözlemciler",
		"ProhibitedForExecution": "İnfaz için yasaklandı",
		"Status": "Durum",
		"Tags": "Etiketler",
		"Title": "Atamalar",
		"TypeSomething": "Bir şey yazın"
	},
	"BrokenReferencesDialogText": "Bu şema, bu şema veya geçerli eylem sağlayıcıları tarafından tanımlanmayan öğelere başvurular içerir. Sende kalsın mı?",
	"ButtonTextCancel": "İptal etmek",
	"ButtonTextClose": "Kapatma",
	"ButtonTextCreate": "Yaratmak",
	"ButtonTextDelete": "Silmek",
	"ButtonTextNo": "Hayır",
	"ButtonTextOk": "Tamam",
	"ButtonTextRedo": "Yinelemek",
	"ButtonTextSave": "Kaydetmek",
	"ButtonTextUndo": "Geri alma",
	"ButtonTextYes": "Evet",
	"CloseWithoutSaving": "Kaydetmeden kapatmak mı?",
	"CodeActionsFormLabel": {
		"ActionCode": "Eylem kodu",
		"Checkbox": "Onay",
		"CommonUsings": "Ortak Kullanımlar",
		"CustomTypeHint": "Özel bir tür kullanmak için adını buraya ekleyin ve uygulamasını jsonform şablonuna ekleyin.",
		"Date": "Tarih",
		"DateTime": "Tarih ve saat",
		"DefaultValue": "Varsayılan değer",
		"Dropdown": "Açılır liste",
		"DropdownName": "İsim",
		"DropdownShouldContainValues": "Açılır liste değerleri içermelidir",
		"DropdownValue": "Değer",
		"EditParameters": "Parametreleri düzenle",
		"GlobalDeleteMessage": "Genel kodu sildiysenizeylem - <br/><b>diğer şemalar onu arayamaz!</si notası>",
		"IsAsync": "Eşzamansız",
		"IsGlobal": "Küresel mi",
		"IsRequired": "Gerekli",
		"Json": "Jsonname",
		"MultiSelect": "Çoklu seçim",
		"Name": "İsim",
		"Number": "Numara",
		"Parameters": "Parametre",
		"Text": "Metin",
		"TextArea": "Metin Alanı",
		"Time": "Zaman",
		"Title": "Kod eylemleri",
		"TitleField": "Başlık",
		"Type": "Tip",
		"UnGlobalMessage": "Küresel bayrağın durumunu değiştirdin.<br/>Bu şemayı kaydettikten sonra bu Genel kod eylemini temel alan Yerel bir kod eylemi oluşturulacaktır.",
		"Values": "Değerler"
	},
	"CommandFormLabel": {
		"Name": "İsim",
		"Title": "Komut"
	},
	"CommandParametersFormLabel": {
		"InputParametersDefaultValue": "Varsayılan",
		"InputParametersIsRequired": "Gerekli",
		"InputParametersName": "İsim",
		"InputParametersParameter": "Parametre",
		"Title": "komut parametreleri"
	},
	"Decision": {
		"ActionLabel": "Aksiyon",
		"Annotations": "Açıklamalar",
		"Condition": "Koşul",
		"ConditionAction": "Aksiyon",
		"ConditionActionParameter": "Eylem parametresi",
		"ConditionInversion": "Sonucu ters çevir",
		"ConditionType": "Tip",
		"ExpressionLabel": "İfade",
		"Implementation": "Uygulama",
		"IsAutoSchemeUpdate": "Otomatik şema güncelleme",
		"IsFinal": "Son",
		"IsForSetState": "Ayarlanan durum için",
		"IsInitial": "İlk",
		"Name": "İsim",
		"PreExecutionImplementation": "PreExecution Uygulaması",
		"ResultOnPreExecution": "Önçalıştır. Sonuç",
		"Scheme": "Satır içi şema",
		"State": "Devlet",
		"Title": "Karar",
		"TitleForInline": "Karar Satır içi",
		"To": "Etkinliğe",
		"Transition": "Etkinliklere geçişler",
		"UserComment": "Yorum",
		"WhenFalse": "Yanlış olduğunda",
		"WhenTrue": "Doğru olduğunda"
	},
	"DecisionTable": {
		"ActionLabel": "Aksiyon",
		"Annotations": "Açıklamalar",
		"Condition": "Koşul",
		"ConditionAction": "Aksiyon",
		"ConditionActionParameter": "Eylem parametresi",
		"ConditionInversion": "Sonucu ters çevir",
		"ConditionType": "Tip",
		"ExpressionLabel": "İfade",
		"Implementation": "Uygulama",
		"IsAutoSchemeUpdate": "Otomatik şema güncelleme",
		"IsFinal": "Son",
		"IsForSetState": "Ayarlanan durum için",
		"IsInitial": "İlk",
		"Name": "İsim",
		"Parameters": "Parametre",
		"PreExecutionImplementation": "PreExecution Uygulaması",
		"ResultOnPreExecution": "Önçalıştır. Sonuç",
		"Scheme": "Satır içi şema",
		"State": "Devlet",
		"Title": "Karar tablosu",
		"TitleForInline": "Karar tablosu Satır İçi",
		"To": "Etkinliğe",
		"Transition": "Etkinliklere geçişler",
		"UserComment": "Yorum"
	},
	"DeleteConfirm": "Seçili öğeleri silmek istediğinizden emin misiniz?",
	"DeleteConfirmCurrent": "Bu öğeyi silmek istediğinizden emin misiniz?",
	"DialogConfirmText": "Soru",
	"DropdownValues": {
		"Dropdown": "Açılır liste",
		"Name": "İsim",
		"Value": "Değer",
		"Values": "değerler"
	},
	"EditCodeLabel": {
		"Compile": "Derlemek",
		"CompileSucceeded": "Derleme başarılı oldu.",
		"EditCodeButton": "Kodu düzenle",
		"Error": "Hata",
		"HideUsings": "Kullanımları sakla",
		"OK": "tamam",
		"ShowUsings": "Kullanımları göster",
		"Success": "Başarı",
		"Title": "Kodu düzenle",
		"Usings": "Kullanımları"
	},
	"EditExpressionLabel": {
		"Error": "Hata",
		"OK": "tamam",
		"Succeeded": "İfade geçerli.",
		"Success": "Başarı",
		"Title": "İfadeyi düzenle",
		"Validate": "Doğrulamak"
	},
	"EditJSONLabel": {
		"CreateEmptyType": "Yaratmak",
		"Format": "Biçimli",
		"Title": "Json'da değeri düzenle"
	},
	"EditParametersFormlabel": {
		"CustomForms": {
			"AssignmentChange": {
				"AllExecutors": "Tüm",
				"Change": "Değişim",
				"Code": "Kod",
				"DeadlineToComplete": "Tamamlanması için son tarih",
				"DeadlineToStart": "Başlamak için son tarih",
				"Heading": "Görev",
				"IsActive": "Etkin mi",
				"Name": "İsim",
				"NewExecutor": "Yeni icracı",
				"NewTag": "Yeni Etiket",
				"Observers": "Gözlemciler",
				"OldExecutor": "Eski icracı",
				"ReplacementExecutors": "Yürütücülerin değiştirilmesi",
				"State": "Devlet",
				"Status": "Durum",
				"StatusState": "Durum durumu",
				"Tags": "Etiketler"
			},
			"AssignmentCreate": {
				"Code": "Kod",
				"DeadlineToComplete": "Tamamlanması için son tarih",
				"DeadlineToStart": "Başlamak için son tarih",
				"Description": "Tanım",
				"Executors": "Yürütücüler",
				"Heading": "Görev",
				"IsActive": "Etkin mi",
				"Name": "İsim",
				"NewTag": "Yeni Etiket",
				"Observers": "Gözlemciler",
				"State": "Devlet",
				"Tags": "Etiketler"
			},
			"AssignmentsHaveStatus": {
				"Assignments": "Atamalar",
				"Code": "Kod",
				"Condition": "Koşul",
				"IncludeInactive": "Etkin olmayanları dahil et",
				"Name": "İsim",
				"State": "Devlet",
				"StatusState": "Durum durumu"
			},
			"CreateProcess": {
				"Heading": "Ana ayarlar",
				"Name": "İsim",
				"ParameterName": "İsim",
				"ParameterPurpose": "Amaç",
				"ParameterValue": "Değer",
				"ProcessCreationParameters": "Süreç oluşturma parametreleri",
				"ProcessId": "İşlem kimliği",
				"Scheme": "Şema",
				"State": "Devlet"
			},
			"HTTPRequest": {
				"AddProcessInstanceParameters": "İşlem örneği parametreleri ekleme",
				"ContentType": "İçerik türü",
				"Headers": "Üstbilgi",
				"Heading": "Talep",
				"Name": "İsim",
				"ParameterName": "Parametre adı",
				"ParameterPurpose": "Parametre amacı",
				"Parameters": "Parametre",
				"Password": "Şifre",
				"Post": "İleti",
				"State": "Devlet",
				"StoreResponse": "Mağaza yanıtı",
				"Url": "Url",
				"UseAuth": "Kimlik doğrulamasını kullan",
				"Username": "Kullanıcı adı"
			},
			"SendEmail": {
				"BccList": "Gizli adres listesi",
				"Body": "Vücut",
				"CcList": "CC adres listesi",
				"Heading": "Form",
				"IsHTML": "İsHTML",
				"MailServer": "Posta sunucusu",
				"MailServerFrom": "Posta sunucusu",
				"MailServerLogin": "Posta sunucusu oturum açma",
				"MailServerPass": "Posta sunucusu geçişi",
				"MailServerPort": "Posta sunucusu bağlantı noktası",
				"MailServerSsl": "mailserversslcomment",
				"Name": "İsim",
				"ReplyToList": "Adres listesine cevap ver",
				"State": "Devlet",
				"Subject": "Konu",
				"To": "-e doğru",
				"UseAuth": "Kimlik doğrulamasını kullan"
			},
			"SetLoopState": {
				"LoopName": "Döngü adı",
				"LoopState": "Döngü durumu",
				"Name": "İsim",
				"State": "Devlet"
			},
			"StartLoopFor": {
				"CounterType": "Sayaç tipi",
				"DateRange": "Tarih aralığı",
				"EndDate": "Bitiş tarihi",
				"EndValue": "Bitiş değeri",
				"Heading": "Döngü",
				"IncludeLastValue": "Son değeri dahil et",
				"LoopCounterValueParameterName": "Döngü sayacı değeri parametre adı",
				"LoopName": "Döngü adı",
				"LoopStateParameterName": "Döngü durumu parametre adı",
				"Name": "İsim",
				"RangeSeparator": "-e doğru",
				"Reverse": "Ters",
				"StartDate": "Başlangıç tarihi",
				"StartValue": "Başlangıç değeri",
				"State": "Devlet",
				"Step": "Adım",
				"StepType": "Adım tipi"
			},
			"StartLoopForeach": {
				"Heading": "Döngü",
				"LoopCounterValueParameterName": "Döngü sayacı değeri parametre adı",
				"LoopName": "Döngü adı",
				"LoopStateParameterName": "Döngü durumu parametre adı",
				"Name": "İsim",
				"Reverse": "Ters",
				"State": "Devlet",
				"Values": "Değerler",
				"ValuesError": "Hiçbir değer boş olamaz!"
			}
		},
		"DateShouldBeInISOFormat": "Tarih / Saat parametresi ISO8601 biçiminde olmalıdır",
		"IncorrectForm": "Formunuzda birden fazla öğe bulunur ve en az bir öğenin Adı yoktur. Lütfen her öğenin adını belirtin.",
		"InvalidJson": "JSON nesnesi geçersiz veya modelle eşleşmiyor",
		"NumberRequired": "Sayısal bir değer olmalıdır",
		"SwitchToConstructor": "Parametre değerleri düzenleyicisine geç",
		"SwitchToJson": "JSON düzenleyicisine geç",
		"Title": "Parametre değerlerini düzenleme"
	},
	"ElementToolbar": {
		"Clone": "Klon",
		"Color": "Renk",
		"Delete": "Silmek",
		"ShowProperties": "Özellikleri göster"
	},
	"Elements": {
		"Activities": "Etkinlikler",
		"BasicActivity": "Temel Etkinlik",
		"BasicActivityDesc": "İşleminizde eylemlerin yürütüldüğü bir durumu ve sırayı belirler.",
		"Comment": {
			"Alignment": "Hizalama",
			"CommentText": "Yorum metni",
			"Description": "Şemaya bir yorum yerleştirin",
			"FontSize": "Punto",
			"Name": "İsim",
			"TextFormatting": "Metin biçimlendirme",
			"Title": "Yorum"
		},
		"FinalActivity": "Son Etkinlik",
		"FinalActivityDesc": "Son bir devlet.",
		"Header": "Öğeler",
		"InitialActivity": "Başlangıç Etkinliği",
		"InitialActivityDesc": "Bu bir başlangıç durumu.",
		"InlineHeader": "Satır içi",
		"PluginRequired": "Eklenti gerekli:",
		"SetLoopState": {
			"Description": "Döngü durumunu ayarlama eylemi",
			"Title": "Döngü durumunu ayarla"
		},
		"Templates": "Şablon"
	},
	"ErrorActivityIsFinalCountText": "Bu şema yazılmıştır. Bir veya daha fazla öğe bayrak Finali olarak işaretlenmelidir",
	"ErrorActivityIsInitialCountText": "Bir öğe bayrak Baş harfi ile işaretlenmelidir",
	"ErrorInBrowserConsole": "Tarayıcı konsolunda daha fazla bilgiye bakın.",
	"ErrorInvalidObjectsSaveText": "Şemayı kaydedemiyorum. Bu nesneler geçersiz durumda",
	"ErrorReadOnlySaveText": "Tasarımcıyı salt okunur modda kaydedemezsiniz.",
	"EscapeConfirm": "Kaydedilmemiş değişiklikler var. Şemayı kaydetmek istiyor musunuz?",
	"FieldIsNotCorrected": "Alan düzeltilmedi!",
	"FieldIsRequired": "Saha gerekli!",
	"FieldMustBeUnique": "Alan benzersiz olmalı!",
	"FieldMustContainAt": "Alan şunları içermelidir @",
	"InfoBlockLabel": {
		"Activity": "Etkinlikler: ",
		"Command": "Komutlar: ",
		"Transition": "Geçişler: "
	},
	"LibraryLabel": {
		"PluginRequired": "Eklenti gerekli:"
	},
	"LocalizationFormLabel": {
		"Culture": "Kültür",
		"IsDefault": "Varsayılan",
		"ObjectName": "Nesneadı",
		"ShowPredefined": "Önceden tanımlı göster",
		"Title": "Yerelleştirme",
		"Type": "Tip",
		"Types": {
			"Action": "Aksiyon",
			"Command": "Komut",
			"Comment": "Yorum",
			"Condition": "Koşul",
			"Parameter": "Parametre",
			"Scheme": "Şema",
			"State": "Devlet"
		},
		"Value": "Değer"
	},
	"Logs": {
		"AutoRefresh": "Otomatik yenileme",
		"Description": "Bu parametre, bu şemaya dayalı günlük işlemleri için varsayılan değerdir",
		"Empty": "Boş",
		"Exception": "İstisna",
		"ExceptionInfo": "İstisna bilgisi",
		"HideDetails": "Ayrıntıları gizle",
		"Label": "Günlükler",
		"Message": "Mesaj",
		"ParamName": "Oturum açılabilir",
		"Refresh": "Yenilemek",
		"Show": "Göstermek",
		"ShowDetails": "Detayları göster",
		"Timestamp": "Zaman damgası"
	},
	"None": "Hiçbiri",
	"ParameterFormLabel": {
		"InitialValue": "InitialValue",
		"Name": "İsim",
		"Purpose": "Amaç",
		"ShowSystemParameters": "Sistem parametrelerini göster",
		"Title": "Parametre",
		"Type": "Tip",
		"Value": "Değer"
	},
	"ProcessInfoFormLabel": {
		"DefiningParameters": "Parametrelerin tanımlanması",
		"GeneralTabLabel": "Genel",
		"HistoryTabActorIdLabel": "Oyuncu Kimliği",
		"HistoryTabActorLabel": "Aktör",
		"HistoryTabDurationLabel": "Süre (ms)",
		"HistoryTabExecutorIdLabel": "Yürütücü Kimliği",
		"HistoryTabExecutorLabel": "Yürütücü",
		"HistoryTabFromLabel": "-den",
		"HistoryTabFromStateLabel": "Eyaletten",
		"HistoryTabName": "Tarih",
		"HistoryTabStartTimeLabel": "Başlangıç Zamanı",
		"HistoryTabTimeLabel": "Zaman",
		"HistoryTabToLabel": "-e doğru",
		"HistoryTabToStateLabel": "bildirmek",
		"HistoryTabTransitionClassifierNameLabel": "Sınıflandırıcı",
		"HistoryTabTriggerNameLabel": "Tetikleyici Adı",
		"IsObsolete": "IsObsolete",
		"ParametersNameLabel": "İsim",
		"ParametersValueLabel": "Değer",
		"ProcessIdLabel": "İşlem Kimliği",
		"ProcessParameters": "Proses parametreleri",
		"ProcessParametersTabName": "Proses Parametreleri",
		"RootProcess": "Kök Süreci",
		"SystemParametersTabName": "Sistem Parametreleri",
		"TagsInputPlaceholder": "Etiket eklemek için bir ad girmeye başlayın",
		"TagsLabel": "Etiketler",
		"TagsTabName": "Etiketler",
		"TimersTabName": "Çekimler",
		"TimersTabNameLabel": "İsim",
		"TimersTabValueLabel": "Değer",
		"Title": "İşlem Bilgisi"
	},
	"ReadMore": "Daha fazla oku.",
	"SaveConfirm": "Değişiklikleri kaydet?",
	"SchemeNotSaved": "Şema kaydedilmedi",
	"SchemeSaved": "Şema kaydedildi",
	"SwitchToDefaultMode": "Varsayılan Moda Geç",
	"SwitchToExpertMode": "Uzman Moduna Geç",
	"TimerFormLabel": {
		"Name": "İsim",
		"Override": "Geçersizleştirmek",
		"OverrideHint": "Varsa zamanlayıcıyı geçersiz kıl",
		"Title": "Çekimler",
		"Type": "Tip",
		"Value": "Değer"
	},
	"ToolbarLabel": {
		"ActivitiesCount": "Etkinlik sayısı / Sınırı",
		"Actors": "Aktörler",
		"AdditionalParameters": "Ek Parametreler",
		"Assignments": "Atamalar",
		"AutoArrangement": "Otomatik düzenleme",
		"Clear": "Açık",
		"Clone": "Klon",
		"CodeActions": "Kod eylemleri",
		"Commands": "Komutlar",
		"CommandsCount": "Komut sayısı / Sınırı",
		"CopySelected": "Seçili kopyala",
		"CreateActivity": "Etkinlik oluştur",
		"CreateActivityTransition": "Bir etkinlik ve geçiş oluşturma",
		"CreateInline": "Satır içi (şablon) oluştur",
		"CreateTransition": "Geçiş oluşturma",
		"Delete": "Silmek",
		"Download": "İndirmek",
		"DownloadBPMN": "BPMN olarak indir",
		"DownloadScheme": "İndirme şeması",
		"DownloadXML": "XML olarak indir",
		"Elements": "Öğeler",
		"File": "Dosya",
		"FitToScreen": "Ekrana sığdır",
		"FullScreen": "Tam Ekran",
		"ImageQuality": "Kalite (piksel en boy oranı):",
		"Info": "Genişletilmiş bilgi",
		"Inline": "Şema satır içi olabilir",
		"Language": "Dil",
		"Legend": "Efsane",
		"Library": "Kütüphane",
		"Localization": "Yerelleştirme",
		"Menu": "Menü",
		"Move": "Hareket etmek",
		"Parameters": "Parametre",
		"ProcessInfo": "İşlem Bilgisi",
		"Redo": "Yinelemek",
		"Refresh": "Yenilemek",
		"ResetSettings": "Ayarları sıfırla",
		"ResetZoom": "Yakınlaştırmayı sıfırla",
		"Save": "Kaydetmek",
		"SaveToImage": "Görüntüye kaydet",
		"Scheme": "Şema",
		"Settings": "Ayarlar",
		"ShowGrid": "Izgarayı göster",
		"Timers": "Çekimler",
		"TransitionsCount": "Geçiş sayısı / Sınırı",
		"Undo": "Geri alma",
		"Upload": "Yükle",
		"UploadBPMN": "Bpmn'yi yükle",
		"UploadScheme": "Yükleme şeması",
		"UploadXML": "XML yükle",
		"View": "Manzara",
		"ZoomIn": "yakınlaştırmak",
		"ZoomOut": "uzaklaştırmak",
		"ZoomPositionDefault": "Yakınlaştırma varsayılanı",
		"ZoomTo100": "Yakınlaştırmayı 100 olarak ayarla%"
	},
	"TransitionAuto": "Oto",
	"TransitionFormLabel": {
		"ActionLabel": "Aksiyon",
		"Allow": "İzin vermek",
		"AllowConcatenationType": "Concat olarak izin ver",
		"AlwaysConditionShouldBeSingle": "Her zaman durum tek olmalıdır",
		"AlwaysLabel": "Her zaman",
		"AnnotationName": "İsim",
		"AnnotationValue": "Değer",
		"Annotations": "Açıklamalar",
		"Classifier": "Sınıflandırıcı",
		"ClassifierValues": {
			"Direct": "Doğrudan",
			"NotSpecified": "Belirtilmemiş",
			"Reverse": "Ters"
		},
		"Condition": "Koşul",
		"ConditionAction": "Aksiyon",
		"ConditionActionParameter": "Eylem parametresi",
		"ConditionExpression": "İfade",
		"ConditionInversion": "Sonucu ters çevir",
		"ConditionType": "Tip",
		"ConditionalLabel": "Koşullu",
		"ConditionsConcatenationType": "Koşullar birleştirme türü",
		"ConditionsListShouldNotBeEmpty": "Koşullar listesi boş olmamalıdır",
		"DisableParentStateControl": "Üst işlem denetimini devre dışı bırak",
		"ExpressionLabel": "İfade",
		"From": "Faaliyetten",
		"HideConcatParameters": "Birleştirmeyi gizle",
		"InlinedFinalActivityName": "Satır İçi Son Etkinlik Adı",
		"IsFork": "Çatal mı (Paralel işlem)",
		"MergeViaSetState": "Alt işlemi set durumu ile birleştir",
		"Name": "İsim",
		"OtherwiseConditionShouldBeSingle": "Aksi halde durum tek olmalıdır",
		"OtherwiseLabel": "Aksi takdirde",
		"Restrict": "Kısıtlamak",
		"RestrictConcatenationType": "Kısıtlamayı şu şekilde birleştir",
		"Restrictions": "Kısıtlamalar",
		"RestrictionsActor": "Aktör",
		"RestrictionsType": "Tip",
		"ResultOnPreExecution": "Önçalıştır. Sonuç",
		"ShowConcatParameters": "Birleştirmeyi göster",
		"Subprocess": "Alt Süreç",
		"SubprocessAuto": "Oto",
		"SubprocessFinalize": "Sonuçlandırmak",
		"SubprocessFinalizeParameterMergeStrategy": "Parametreler birleştirme stratejisi",
		"SubprocessFinalizeParameterMergeStrategyDontOverwriteSpecified": "Belirtilen üzerine yazma",
		"SubprocessFinalizeParameterMergeStrategyOverwriteAll": "Hepsinin üzerine yaz",
		"SubprocessFinalizeParameterMergeStrategyOverwriteAllNulls": "Tüm boş değerlerin üzerine yaz",
		"SubprocessFinalizeParameterMergeStrategyOverwriteSpecified": "Belirtilen üzerine yaz",
		"SubprocessFinalizeSettings": "Alt işlem sonlandırma ayarları",
		"SubprocessId": "Alt işlem kimliği",
		"SubprocessIdPlaceholder": "Otomatik oluşturulan GUID",
		"SubprocessName": "Alt işlem adı",
		"SubprocessNamePlaceholder": "Geçiş adı ile aynı",
		"SubprocessNone": "Hiçbiri",
		"SubprocessSpecifiedParameters": "Belirtilen parametreler",
		"SubprocessStart": "Başlamak",
		"SubprocessStartSettings": "Alt işlem başlatma ayarları",
		"SubprocessStartupParameterCopyStrategy": "Kopya stratejisi parametreleri",
		"SubprocessStartupParameterCopyStrategyCopyAll": "Tümünü kopyala",
		"SubprocessStartupParameterCopyStrategyCopySpecified": "Belirtilen kopya",
		"SubprocessStartupParameterCopyStrategyIgnoreAll": "Tümünü yoksay",
		"SubprocessStartupParameterCopyStrategyIgnoreSpecified": "Belirtilen yoksay",
		"SubprocessStartupType": "Alt işlem başlangıç türü",
		"SubprocessStartupTypeAnotherThread": "Başka bir iş parçacığı",
		"SubprocessStartupTypeSameThread": "Aynı konu",
		"SubprocessStartupTypeTimerQueue": "Zamanlayıcı kuyruğu",
		"Title": "Geçiş",
		"To": "Etkinliğe",
		"Trigger": "Tetik",
		"TriggerAuto": "Oto",
		"TriggerCommand": "Komut",
		"TriggerTimer": "Çekim",
		"TriggerType": "Tip",
		"UserComment": "Yorum"
	},
	"Warning": "Uyarı"
}